id,name,location,institution,country,h_index,citations,paper_count,topics,num_papers,affiliations,location_tag,source
https://openalex.org/A5027644473,Adel Ouannas,algeria,Université Larbi Tébessi,DZ,39,5559.0,293,Mathematics | Computer science | Artificial intelligence | Applied mathematics | Physics,74.0,,,
https://openalex.org/A5005859792,A. Mellit,algeria,University of Jijel,DZ,62,14837.0,259,Photovoltaic system | Computer science | Artificial intelligence | Engineering | Electrical engineering,72.0,,,
https://openalex.org/A5001907851,Salim Heddam,algeria,University of Skikda,DZ,46,6495.0,242,Environmental science | Computer science | Artificial intelligence | Statistics | Mathematics,71.0,,,
https://openalex.org/A5026903935,Mohamed Amine Ferrag,algeria,University of Guelma,DZ,46,10677.0,222,Computer science | Artificial intelligence | Computer security | Engineering | Operating system,62.0,,,
https://openalex.org/A5000065373,Menad Nait Amar,algeria,Sonatrach (Algeria),DZ,36,2784.0,104,Machine learning | Computer science | Artificial intelligence | Chemistry | Mathematics,45.0,,,
https://openalex.org/A5034494517,Chawki Djeddi,algeria,Université Larbi Tébessi,DZ,23,1675.0,102,Computer science | Artificial intelligence | Pattern recognition (psychology) | Image (mathematics) | Philosophy,43.0,,,
https://openalex.org/A5088665937,Abdelmalek Amine,algeria,Université de Saida Dr.Moulay Tahar,DZ,16,827.0,130,Computer science | Artificial intelligence | Machine learning | Information retrieval | Data mining,43.0,,,
https://openalex.org/A5011155311,Abdelghani Dahou,algeria,Ahmed Draia University,DZ,34,3454.0,82,Computer science | Artificial intelligence | Pattern recognition (psychology) | Machine learning | Philosophy,41.0,,,
https://openalex.org/A5034975888,Djamila Rekioua,algeria,University of Béjaïa,DZ,42,5675.0,226,Computer science | Power (physics) | Engineering | Electrical engineering | Physics,40.0,,,
https://openalex.org/A5006433433,Halim Sayoud,algeria,University of Sciences and Technology Houari Boumediene,DZ,11,472.0,89,Computer science | Artificial intelligence | Natural language processing | Linguistics | Philosophy,40.0,,,
https://openalex.org/A5057570891,Reda Mohamed Hamou,algeria,Université de Saida Dr.Moulay Tahar,DZ,14,619.0,108,Computer science | Artificial intelligence | Machine learning | World Wide Web | Data mining,40.0,,,
https://openalex.org/A5023668331,Abdesselem Boulkroune,algeria,University of Jijel,DZ,34,3619.0,117,Control theory (sociology) | Mathematics | Computer science | Control (management) | Artificial intelligence,38.0,,,
https://openalex.org/A5065021759,Youcef Chibani,algeria,University of Sciences and Technology Houari Boumediene,DZ,23,2289.0,166,Computer science | Support vector machine | Artificial intelligence | Pattern recognition (psychology) | Mathematics,37.0,,,
https://openalex.org/A5033945050,Toufik Rekioua,algeria,University of Béjaïa,DZ,37,4526.0,187,Computer science | Physics | Electrical engineering | Engineering | Quantum mechanics,35.0,,,
https://openalex.org/A5067619763,Faiçal Azouaou,algeria,École Nationale Supérieure d'Informatique,DZ,14,763.0,90,Computer science | Natural language processing | Artificial intelligence | Information retrieval | Philosophy,33.0,,,
https://openalex.org/A5000194284,Abdelouahab Moussaouı,algeria,University Ferhat Abbas of Setif,DZ,19,2153.0,123,Computer science | Artificial intelligence | Pattern recognition (psychology) | Machine learning | Mathematics,32.0,,,
https://openalex.org/A5091718065,Nabiha Azizi,algeria,Badji Mokhtar University,DZ,16,798.0,89,Computer science | Artificial intelligence | Classifier (UML) | Machine learning | Pattern recognition (psychology),31.0,,,
https://openalex.org/A5085975641,Makhlouf Derdour,algeria,Université Larbi Tébessi,DZ,15,1030.0,139,Computer science | Artificial intelligence | Computer security | Machine learning | Operating system,30.0,,,
https://openalex.org/A5107337666,Abdelkamel Tari,algeria,University of Béjaïa,DZ,20,1696.0,157,Mathematics | Computer science | Computer network | Artificial intelligence | Operating system,27.0,,,
https://openalex.org/A5080622873,Mouffak Benchohra,algeria,Université Djilali de Sidi Bel Abbès,DZ,42,10224.0,624,Mathematics | Pure mathematics | Mathematical analysis | Applied mathematics | Computer science,27.0,,,
https://openalex.org/A5091140244,Chaker Abdelaziz Kerrache,algeria,University of Laghouat,DZ,27,2434.0,159,Computer science | Computer network | Computer security | Telecommunications | World Wide Web,27.0,,,
https://openalex.org/A5013553678,Aissa Chouder,algeria,Université de M'Sila,DZ,35,5620.0,132,Computer science | Artificial intelligence | Electrical engineering | Engineering | Physics,26.0,,,
https://openalex.org/A5063976278,Mohamed Batouche,algeria,Université Constantine 2,DZ,24,2147.0,201,Computer science | Artificial intelligence | Algorithm | Image (mathematics) | Mathematics,26.0,,,
https://openalex.org/A5026844364,Zibouda Aliouat,algeria,University Ferhat Abbas of Setif,DZ,25,1935.0,144,Computer science | Computer network | Wireless sensor network | Distributed computing | Engineering,26.0,,,
https://openalex.org/A5079674514,Fouzi Harrag,algeria,University Ferhat Abbas of Setif,DZ,11,522.0,56,Computer science | Artificial intelligence | Natural language processing | Linguistics | Philosophy,26.0,,,
https://openalex.org/A5019747586,Kamel Boukhalfa,algeria,University of Sciences and Technology Houari Boumediene,DZ,14,1698.0,104,Computer science | Data warehouse | Data mining | Mathematics | Operating system,25.0,,,
https://openalex.org/A5024155508,Abdelkader Dairi,algeria,Université des Sciences et de la Technologie d'Oran Mohamed Boudiaf,DZ,23,2263.0,60,Computer science | Artificial intelligence | Deep learning | Machine learning | Support vector machine,25.0,,,
https://openalex.org/A5023316240,Mawloud Guermoui,algeria,Renewable Energy Development Center,DZ,27,2217.0,96,Computer science | Artificial intelligence | Environmental science | Engineering | Physics,25.0,,,
https://openalex.org/A5076176608,Salih Djilali,algeria,University of Abou Bekr Belkaïd,DZ,30,2474.0,113,Mathematics | Biology | Applied mathematics | Computer science | Physics,25.0,,,
https://openalex.org/A5046160644,Nadir Farah,algeria,Badji Mokhtar University,DZ,15,801.0,76,Computer science | Speech recognition | Pattern recognition (psychology) | Artificial intelligence | Mathematics,25.0,,,
https://openalex.org/A5058558466,Yacine Challal,algeria,Centre de Recherche sur l'Information Scientifique et Technique,DZ,32,5136.0,234,Computer science | Computer network | Computer security | Distributed computing | Operating system,24.0,,,
https://openalex.org/A5036200309,Ahmed Guessoum,algeria,University of Sciences and Technology Houari Boumediene,DZ,15,735.0,54,Computer science | Artificial intelligence | Natural language processing | Linguistics | Philosophy,24.0,,,
https://openalex.org/A5074365263,Ghalem Belalem,algeria,Université Oran 1 Ahmed Ben Bella,DZ,17,1220.0,182,Computer science | Distributed computing | Artificial intelligence | Operating system | Mathematics,24.0,,,
https://openalex.org/A5068969975,Hacene Belhadef,algeria,Université Constantine 2,DZ,7,215.0,60,Computer science | Artificial intelligence | Natural language processing | Information retrieval | Philosophy,24.0,,,
https://openalex.org/A5053417618,Hassiba Nemmour,algeria,University of Sciences and Technology Houari Boumediene,DZ,16,1100.0,86,Computer science | Support vector machine | Pattern recognition (psychology) | Artificial intelligence | Mathematics,23.0,,,
https://openalex.org/A5066157144,Djamel Djenouri,algeria,Centre de Recherche sur l'Information Scientifique et Technique,DZ,34,3898.0,167,Computer science | Computer network | Wireless sensor network | Artificial intelligence | Telecommunications,23.0,,,
https://openalex.org/A5025214147,Siham Ouamour,algeria,University of Sciences and Technology Houari Boumediene,DZ,9,305.0,55,Computer science | Speech recognition | Artificial intelligence | Linguistics | Philosophy,23.0,,,
https://openalex.org/A5026225688,Sidi Mohamed Benslimane,algeria,École Nationale Supérieure d'Informatique,DZ,14,666.0,164,Computer science | World Wide Web | Artificial intelligence | Philosophy | Programming language,23.0,,,
https://openalex.org/A5039079296,Adel Belouchrani,algeria,Polytechnic School of Algiers,DZ,30,6510.0,241,Computer science | Algorithm | Artificial intelligence | Mathematics | Telecommunications,22.0,,,
https://openalex.org/A5069059137,Mimoun Malki,algeria,Université Djilali de Sidi Bel Abbès,DZ,14,750.0,155,Computer science | Semantic Web | Information retrieval | World Wide Web | Philosophy,22.0,,,
https://openalex.org/A5028922084,Hassina Aliane,algeria,Centre de Recherche sur l'Information Scientifique et Technique,DZ,8,319.0,44,Computer science | Artificial intelligence | Natural language processing | Philosophy | Linguistics,22.0,,,
https://openalex.org/A5044719111,Nadjia Benblidia,algeria,University of Blida,DZ,9,294.0,78,Computer science | Artificial intelligence | Information retrieval | Data mining | Mathematics,22.0,,,
https://openalex.org/A5055340064,Zizette Boufaïda,algeria,University of Constantine 3,Unknown,8,279.0,93,Computer science | Ontology | Artificial intelligence | Philosophy | Epistemology,22.0,,,
https://openalex.org/A5005043456,Omar Nouali,algeria,Centre de Recherche sur l'Information Scientifique et Technique,DZ,10,495.0,106,Computer science | Information retrieval | Computer security | World Wide Web | Operating system,21.0,,,
https://openalex.org/A5069734774,M. Benghanem,algeria,University of Sciences and Technology Houari Boumediene,DZ,37,5079.0,161,Computer science | Artificial intelligence | Engineering | Physics | Electrical engineering,20.0,,,
https://openalex.org/A5087761119,Hamza Kheddar,algeria,University Yahia Fares of Medea,DZ,17,1317.0,85,Computer science | Artificial intelligence | Deep learning | Machine learning | Computer security,20.0,,,
https://openalex.org/A5089702125,Leila Zemmouchi-Ghomari,algeria,École Nationale Supérieure de Technologie,DZ,8,317.0,60,Computer science | World Wide Web | Knowledge management | Engineering | Philosophy,20.0,,,
https://openalex.org/A5037106045,Fatiha Barigou,algeria,Université Oran 1 Ahmed Ben Bella,DZ,8,278.0,46,Computer science | Information retrieval | Natural language processing | Artificial intelligence | Philosophy,20.0,,,
https://openalex.org/A5026059680,Baghdad Atmani,algeria,Université Oran 1 Ahmed Ben Bella,DZ,11,543.0,85,Computer science | Artificial intelligence | Machine learning | Data mining | Mathematics,20.0,,,
https://openalex.org/A5055982084,Salim Chıkhı,algeria,University of Constantine 3,Unknown,19,1405.0,141,Computer science | Computer network | Artificial intelligence | Algorithm | Mathematics,20.0,,,
https://openalex.org/A5067052664,Oualid Hamdaoui,algeria,Badji Mokhtar University,DZ,60,12772.0,319,Chemistry | Materials science | Computer science | Physics | Organic chemistry,20.0,,,
https://openalex.org/A5061035510,Fateh Krim,algeria,University Ferhat Abbas of Setif,DZ,28,3221.0,117,Computer science | Artificial intelligence | Engineering | Control (management) | Electrical engineering,19.0,,,
https://openalex.org/A5009204409,Mohamed Athmane Yallese,algeria,University of Guelma,DZ,34,4262.0,142,Materials science | Metallurgy | Composite material | Mechanical engineering | Engineering,19.0,,,
https://openalex.org/A5064615228,Hafed Zarzour,algeria,Mohamed-Cherif Messaadia University,DZ,16,1387.0,54,Computer science | Deep learning | Artificial intelligence | World Wide Web | Machine learning,19.0,,,
https://openalex.org/A5040353704,Tarek Berghout,algeria,University of Batna 1,DZ,19,1189.0,102,Computer science | Artificial intelligence | Artificial neural network | Machine learning | Engineering,19.0,,,
https://openalex.org/A5029045930,Labiba Souici‐Meslati,algeria,Badji Mokhtar University,DZ,13,623.0,49,Computer science | Artificial intelligence | Pattern recognition (psychology) | Philosophy | Linguistics,19.0,,,
https://openalex.org/A5078815797,Mokhtar Sellami,algeria,Badji Mokhtar-Annaba University,DZ,16,933.0,132,Medicine | Computer science | Artificial intelligence | Internal medicine | Philosophy,19.0,,,
https://openalex.org/A5032944332,Imane Guellil,algeria,École Nationale Supérieure d'Informatique,DZ,9,480.0,36,Computer science | Natural language processing | Artificial intelligence | Linguistics | Philosophy,18.0,,,
https://openalex.org/A5050801868,Jackie Chi Kit Cheung,algeria,Centre Universitaire de Mila,DZ,25,2215.0,145,Computer science | Artificial intelligence | Natural language processing | Machine learning | Philosophy,18.0,,,
https://openalex.org/A5046210131,Abdelkader Benyettou,algeria,Université des Sciences et de la Technologie d'Oran Mohamed Boudiaf,DZ,18,1369.0,127,Computer science | Artificial neural network | Artificial intelligence | Pattern recognition (psychology) | Machine learning,18.0,,,
https://openalex.org/A5066063194,Nadjem Bailek,algeria,Centre Universitaire de Tamanrasset,DZ,25,1708.0,73,Environmental science | Computer science | Artificial intelligence | Engineering | Mathematics,18.0,,,
https://openalex.org/A5071367157,Abdelkrim Bouramoul,algeria,Université Constantine 2,DZ,9,209.0,51,Computer science | Information retrieval | Artificial intelligence | Data mining | Philosophy,18.0,,,
https://openalex.org/A5024049568,Fatima Boumahdi,algeria,University of Blida,DZ,7,158.0,44,Computer science | Artificial intelligence | Machine learning | World Wide Web | Business,18.0,,,
https://openalex.org/A5086576809,Mohamed Amine Chéragui,algeria,Ahmed Draia University,DZ,6,124.0,29,Computer science | Natural language processing | Artificial intelligence | Linguistics | Philosophy,18.0,,,
https://openalex.org/A5085833879,Mohamed Lichouri,algeria,University of Sciences and Technology Houari Boumediene,DZ,8,195.0,41,Computer science | Artificial intelligence | Natural language processing | Linguistics | Philosophy,18.0,,,
https://openalex.org/A5015557242,Chérif Larbès,algeria,Polytechnic School of Algiers,DZ,23,3056.0,96,Computer science | Artificial intelligence | Physics | Engineering | Electrical engineering,17.0,,,
https://openalex.org/A5057372051,Abdelmalek Kouadri,algeria,University of Boumerdes,DZ,21,1468.0,91,Fault detection and isolation | Mathematics | Artificial intelligence | Computer science | Engineering,17.0,,,
https://openalex.org/A5080144684,Omar Sami Oubbati,algeria,University of Laghouat,DZ,26,3160.0,37,Computer science | Computer network | Wireless | Engineering | Telecommunications,17.0,,,
https://openalex.org/A5055308914,Abdelmalik Ouamane,algeria,University of Biskra,DZ,19,1198.0,91,Computer science | Pattern recognition (psychology) | Artificial intelligence | Mathematics | Sociology,17.0,,,
https://openalex.org/A5074447861,Hadj Ahmed Bouarara,algeria,École Nationale Supérieure d'Informatique,DZ,11,406.0,64,Computer science | Artificial intelligence | Machine learning | World Wide Web | Data mining,17.0,,,
https://openalex.org/A5020099100,Halima Bahi,algeria,Badji Mokhtar University,DZ,11,303.0,51,Computer science | Speech recognition | Artificial intelligence | Philosophy | Linguistics,17.0,,,
https://openalex.org/A5106222808,Zaïa Alimazighi,algeria,University of Sciences and Technology Houari Boumediene,DZ,10,304.0,81,Computer science | Process (computing) | Database | Mathematics | Operating system,17.0,,,
https://openalex.org/A5108141689,Mohamed Tadjine,algeria,Polytechnic School of Algiers,DZ,27,3419.0,251,Control theory (sociology) | Computer science | Artificial intelligence | Control (management) | Engineering,16.0,,,
https://openalex.org/A5059062747,Mohamed Faouzi Harkat,algeria,Badji Mokhtar University,DZ,26,2186.0,117,Fault detection and isolation | Computer science | Artificial intelligence | Actuator | Mathematics,16.0,,,
https://openalex.org/A5002854059,Houria Triki,algeria,Badji Mokhtar University,DZ,54,9184.0,312,Physics | Mathematics | Soliton | Nonlinear system | Quantum mechanics,16.0,,,
https://openalex.org/A5069135652,Noureddine Doumi,algeria,Université de Saida Dr.Moulay Tahar,DZ,5,180.0,24,Computer science | Artificial intelligence | Natural language processing | Linguistics | Philosophy,16.0,,,
https://openalex.org/A5038562202,Nadjib Badache,algeria,Centre de Recherche sur l'Information Scientifique et Technique,DZ,25,2714.0,226,Computer science | Wireless sensor network | Computer network | Distributed computing | Telecommunications,16.0,,,
https://openalex.org/A5025167796,Adel Oubelaid,algeria,University of Béjaïa,DZ,23,1348.0,82,Computer science | Engineering | Electrical engineering | Physics | Quantum mechanics,16.0,,,
https://openalex.org/A5000111276,Saı̈d Abbas,algeria,Université de Saida Dr.Moulay Tahar,DZ,24,2676.0,199,Mathematics | Mathematical analysis | Applied mathematics | Pure mathematics | Computer science,16.0,,,
https://openalex.org/A5082266809,Abdelkrim Meziane,algeria,Centre de Recherche sur l'Information Scientifique et Technique,DZ,9,272.0,135,Medicine | Computer science | Artificial intelligence | Surgery | Operating system,16.0,,,
https://openalex.org/A5086986583,Mohamed Amine Boudia,algeria,Université de Saida Dr.Moulay Tahar,DZ,6,107.0,32,Computer science | Natural language processing | Data mining | Artificial intelligence | Machine learning,16.0,,,
https://openalex.org/A5026535512,Mohamed Ridda Laouar,algeria,Université Larbi Tébessi,DZ,12,420.0,83,Computer science | Artificial intelligence | Engineering | Mathematics | Operating system,16.0,,,
https://openalex.org/A5029774217,Leila Falek,algeria,University of Science and Technology,YE,5,78.0,35,Computer science | Speech recognition | Artificial intelligence | Linguistics | Philosophy,16.0,,,
https://openalex.org/A5046463612,Abdeldjalil Ouahabi,algeria,Inserm,FR,31,3710.0,191,Medicine | Mathematics | Computer science | Physics | Artificial intelligence,15.0,,,
https://openalex.org/A5010892464,Mohamed Chemachema,algeria,University of Constantine 3,Unknown,21,1874.0,53,Control theory (sociology) | Computer science | Artificial intelligence | Control (management) | Physics,15.0,,,
https://openalex.org/A5045179061,Amar Debbouche,algeria,University of Guelma,DZ,28,2355.0,101,Mathematics | Computer science | Applied mathematics | Mathematical analysis | Physics,15.0,,,
https://openalex.org/A5106031164,Hamid Séridi,algeria,University of Guelma,DZ,16,1154.0,127,Computer science | Pattern recognition (psychology) | Artificial intelligence | Machine learning | Mathematics,15.0,,,
https://openalex.org/A5056077142,Kamel Srairi,algeria,University of Biskra,DZ,24,2100.0,144,Computer science | Physics | Engineering | Artificial intelligence | Quantum mechanics,15.0,,,
https://openalex.org/A5111869297,Achour Betka,algeria,University of Biskra,DZ,18,1337.0,66,Control theory (sociology) | Computer science | Engineering | Electrical engineering | Artificial intelligence,15.0,,,
https://openalex.org/A5048053471,Fateh Mebarek‐Oudina,algeria,University of Skikda,DZ,61,7880.0,167,Materials science | Mechanics | Heat transfer | Thermodynamics | Physics,15.0,,,
https://openalex.org/A5014148326,Amrane Houacine,algeria,University of Sciences and Technology Houari Boumediene,DZ,16,1145.0,76,Computer science | Artificial intelligence | Computer vision | Pattern recognition (psychology) | Mathematics,15.0,,,
https://openalex.org/A5066272920,Amina–Aicha Khennaoui,algeria,Larbi Ben M'hidi University of Oum El Bouaghi,DZ,22,1371.0,70,Mathematics | Chaotic | Computer science | Applied mathematics | Artificial intelligence,15.0,,,
https://openalex.org/A5055080645,Karima Meftouh,algeria,Badji Mokhtar University,DZ,12,479.0,25,Computer science | Natural language processing | Artificial intelligence | Linguistics | Philosophy,15.0,,,
https://openalex.org/A5015883703,Soraya Sedkaoui,algeria,Université Djilali Bounaama Khemis Miliana,DZ,8,423.0,42,Computer science | Analytics | Data science | Data mining | Business,15.0,,,
https://openalex.org/A5082460351,Abdelaziz Rabehi,algeria,Ziane Achour University of Djelfa,DZ,21,1521.0,105,Materials science | Computer science | Optoelectronics | Physics | Engineering,15.0,,,
https://openalex.org/A5018360551,Akram Bennour,algeria,Université Larbi Tébessi,DZ,9,275.0,54,Computer science | Artificial intelligence | Machine learning | Deep learning | Pattern recognition (psychology),15.0,,,
https://openalex.org/A5087306694,Amine Rahmani,algeria,Université de Saida Dr.Moulay Tahar,DZ,7,221.0,29,Computer science | Information retrieval | Artificial intelligence | Computer security | Data mining,15.0,,,
https://openalex.org/A5023933905,Mourad Amad,algeria,University of Bouira,DZ,9,291.0,81,Computer science | Scalability | Computer network | Distributed computing | World Wide Web,15.0,,,
https://openalex.org/A5046969653,Hadda Cherroun,algeria,University of Laghouat,DZ,10,269.0,62,Computer science | Artificial intelligence | Linguistics | Mathematics | Philosophy,15.0,,,
https://openalex.org/A5010532815,Mohammed Achite,algeria,Hassiba Benbouali University of Chlef,DZ,24,1321.0,87,Environmental science | Geology | Mathematics | Computer science | Geography,14.0,,,
https://openalex.org/A5090157446,Mawloud Omar,algeria,University of Béjaïa,DZ,17,993.0,155,Computer science | Computer network | Computer security | Artificial intelligence | Engineering,14.0,,,
https://openalex.org/A5012686882,Fatima Zohra Laallam,algeria,University of Ouargla,DZ,11,364.0,40,Computer science | Artificial intelligence | Machine learning | World Wide Web | Mathematics,14.0,,,
https://openalex.org/A5048857332,Salim Bitam,algeria,University of Biskra,DZ,21,1982.0,87,Computer science | Computer network | Telecommunications | Distributed computing | Wireless,14.0,,,
https://openalex.org/A5002121147,Kheireddine Abainia,algeria,University of Sciences and Technology Houari Boumediene,DZ,5,154.0,19,Computer science | Artificial intelligence | Natural language processing | Linguistics | Philosophy,14.0,,,
https://openalex.org/A5079522690,Ahlem Drif,algeria,University Ferhat Abbas of Setif,DZ,8,188.0,34,Computer science | Artificial intelligence | Machine learning | World Wide Web | Data mining,14.0,,,
https://openalex.org/A5006781798,Mounir Hemam,algeria,Abbès Laghrour University of Khenchela,DZ,9,203.0,46,Computer science | Ontology | Artificial intelligence | Epistemology | Philosophy,14.0,,,
https://openalex.org/A5079157864,Imene Bensalem,algeria,University Frères Mentouri Constantine 1,DZ,7,156.0,21,Computer science | Linguistics | Natural language processing | Artificial intelligence | Philosophy,14.0,,,
https://openalex.org/A5003823682,Djamila Hamdadou,algeria,Université Oran 1 Ahmed Ben Bella,DZ,6,173.0,53,Computer science | Decision support system | Artificial intelligence | Operations research | Engineering,14.0,,,
https://openalex.org/A5058988344,Leila Benarous,algeria,University of Laghouat,DZ,9,248.0,31,Computer science | Computer security | Artificial intelligence | Internet privacy | Mathematics,14.0,,,
https://openalex.org/A5072138705,Slimane Merouani,algeria,Badji Mokhtar University,DZ,44,6390.0,263,Chemistry | Materials science | Computer science | Physics | Organic chemistry,14.0,,,
https://openalex.org/A5055829058,Abdelghani Harrag,algeria,University Ferhat Abbas of Setif,DZ,20,1861.0,99,Computer science | Artificial intelligence | Control (management) | Engineering | Electrical engineering,13.0,,,
https://openalex.org/A5090221516,Amar Hadj Arab,algeria,Renewable Energy Development Center,DZ,27,2604.0,118,Photovoltaic system | Physics | Computer science | Electrical engineering | Engineering,13.0,,,
https://openalex.org/A5042949736,Rachid Mansouri,algeria,Mouloud Mammeri University of Tizi-Ouzou,DZ,22,1334.0,58,Control theory (sociology) | Computer science | Artificial intelligence | Engineering | Control (management),13.0,,,
https://openalex.org/A5010175348,Abdelouahed Tounsi,algeria,Université Djilali de Sidi Bel Abbès,DZ,96,29020.0,674,Materials science | Composite material | Structural engineering | Physics | Engineering,13.0,,,
https://openalex.org/A5075337649,Nadjet Kamel,algeria,University Ferhat Abbas of Setif,DZ,15,777.0,63,Computer science | Data mining | Algorithm | Artificial intelligence | Mathematics,13.0,,,
https://openalex.org/A5031862480,Hammoudi Abderazek,algeria,University Ferhat Abbas of Setif,DZ,17,1240.0,43,Algorithm | Computer science | Mathematical optimization | Engineering | Mathematics,13.0,,,
https://openalex.org/A5071869967,Leïla Hayet Mouss,algeria,University of Batna 1,DZ,14,825.0,116,Computer science | Artificial intelligence | Engineering | Mathematics | Operating system,13.0,,,
https://openalex.org/A5057479607,Salima Harrat,algeria,École Normale Supérieure de Bouzareah Alger,DZ,9,374.0,18,Arabic | Computer science | Artificial intelligence | Linguistics | Philosophy,13.0,,,
https://openalex.org/A5077569210,Mourad Nouioua,algeria,University of Guelma,DZ,17,1019.0,55,Materials science | Computer science | Machining | Engineering | Composite material,13.0,,,
https://openalex.org/A5076152895,Ramdane Maamri,algeria,Université Constantine 2,DZ,10,600.0,136,Computer science | Distributed computing | Programming language | Artificial intelligence | Mathematics,13.0,,,
https://openalex.org/A5029502151,Ahmed Cherif Mazari,algeria,University Yahia Fares of Medea,DZ,13,404.0,44,Computer science | Artificial intelligence | Deep learning | Machine learning | Mathematics,13.0,,,
https://openalex.org/A5020390140,Abdeljalil Gattal,algeria,Université Larbi Tébessi,DZ,15,543.0,53,Computer science | Pattern recognition (psychology) | Artificial intelligence | Image (mathematics) | Feature extraction,13.0,,,
https://openalex.org/A5078021027,Djamel Ghernaout,algeria,Qassim University,SA,50,8215.0,265,Chemistry | Materials science | Environmental science | Engineering | Organic chemistry,13.0,,,
https://openalex.org/A5008190438,Lamia Berkani,algeria,University of Sciences and Technology Houari Boumediene,DZ,8,242.0,58,Computer science | Information retrieval | Artificial intelligence | World Wide Web | Machine learning,13.0,,,
https://openalex.org/A5055260640,Farida Bouarab‐Dahmani,algeria,Mouloud Mammeri University of Tizi-Ouzou,DZ,5,88.0,29,Computer science | Artificial intelligence | Philosophy | Mathematics | Epistemology,13.0,,,
https://openalex.org/A5048405710,Mohamed Khireddine Kholladi,algeria,Constantine 1 University,DZ,9,280.0,70,Computer science | Artificial intelligence | Information retrieval | Philosophy | Epistemology,13.0,,,
https://openalex.org/A5001877199,Saber Benharzallah,algeria,University of Batna 1,DZ,11,407.0,80,Computer science | Computer network | Programming language | Artificial intelligence | Mathematics,13.0,,,
https://openalex.org/A5044021030,Khaled Lounnas,algeria,University of Sciences and Technology Houari Boumediene,DZ,5,86.0,29,Computer science | Artificial intelligence | Natural language processing | Linguistics | Philosophy,13.0,,,
https://openalex.org/A5049814728,Abderrazak Sebaa,algeria,University of Béjaïa,DZ,9,1099.0,32,Computer science | Artificial intelligence | Data science | Engineering | Economics,12.0,,,
https://openalex.org/A5083800207,Salim Labiod,algeria,University of Jijel,DZ,19,1915.0,97,Control theory (sociology) | Computer science | Artificial intelligence | Physics | Control (management),12.0,,,
https://openalex.org/A5008004245,Yazid Tikhamarine,algeria,University of Sciences and Technology Houari Boumediene,DZ,13,1311.0,20,Mathematics | Computer science | Statistics | Artificial intelligence | Machine learning,12.0,,,
https://openalex.org/A5084014354,Abdelfatah Charef,algeria,Constantine 1 University,DZ,20,2385.0,98,Control theory (sociology) | Mathematics | Artificial intelligence | Computer science | Control (management),12.0,,,
https://openalex.org/A5073992054,Bilal Taghezouit,algeria,Polytechnic School of Algiers,DZ,17,1364.0,53,Photovoltaic system | Computer science | Electrical engineering | Engineering | Mathematics,12.0,,,
https://openalex.org/A5111523299,Mohamed Tarek Khadir,algeria,Badji Mokhtar-Annaba University,DZ,15,894.0,75,Computer science | Artificial intelligence | Physics | Engineering | Mathematics,12.0,,,
https://openalex.org/A5056845525,Nadir Boutasseta,algeria,Research Center in Industrial Technologies,DZ,19,1469.0,56,Computer science | Artificial intelligence | Engineering | Electrical engineering | Physics,12.0,,,
https://openalex.org/A5016950095,Nabil Zerrouki,algeria,University of Sciences and Technology Houari Boumediene,DZ,15,816.0,37,Computer science | Artificial intelligence | Machine learning | Pattern recognition (psychology) | Computer vision,12.0,,,
https://openalex.org/A5013140133,Yacine Benguerba,algeria,University Ferhat Abbas of Setif,DZ,49,6785.0,256,Chemistry | Materials science | Chemical engineering | Organic chemistry | Engineering,12.0,,,
https://openalex.org/A5031909800,Abdellah Kouzou,algeria,Ziane Achour University of Djelfa,DZ,18,1776.0,276,Computer science | Artificial intelligence | Engineering | Electrical engineering | Physics,12.0,,,
https://openalex.org/A5005025214,Yasmine Harbi,algeria,University Ferhat Abbas of Setif,DZ,12,478.0,32,Computer science | Internet of Things | Computer security | Artificial intelligence | The Internet,12.0,,,
https://openalex.org/A5045292950,Mohammed Abdelfetah Ghriga,algeria,Centre National de la Recherche Scientifique,FR,17,771.0,25,Materials science | Chemistry | Computer science | Engineering | Organic chemistry,12.0,,,
https://openalex.org/A5051229554,Hocine Ouaer,algeria,University of Boumerdes,DZ,14,599.0,18,Computer science | Machine learning | Artificial intelligence | Engineering | Statistics,12.0,,,
https://openalex.org/A5006883497,Abdelkader Laouid,algeria,University of Béjaïa,DZ,18,1051.0,129,Computer science | Artificial intelligence | Computer security | Computer network | Mathematics,12.0,,,
https://openalex.org/A5027485520,Benamar Kadri,algeria,University of Abou Bekr Belkaïd,DZ,15,557.0,46,Computer science | Computer security | Computer network | Wireless | Telecommunications,12.0,,,
https://openalex.org/A5077031055,Abdelkader Belkhir,algeria,University of Algiers Benyoucef Benkhedda,DZ,10,333.0,79,Computer science | Web service | Artificial intelligence | World Wide Web | Computer security,12.0,,,
https://openalex.org/A5036148374,Selma Khouri,algeria,Université de Poitiers,FR,10,324.0,53,Computer science | Data warehouse | Database | Information retrieval | Philosophy,12.0,,,
https://openalex.org/A5073086303,Sadik Bessou,algeria,University Ferhat Abbas of Setif,DZ,4,36.0,24,Computer science | Artificial intelligence | Natural language processing | Linguistics | Philosophy,12.0,,,
https://openalex.org/A5052031811,Mhania Guerti,algeria,Polytechnic School of Algiers,DZ,8,208.0,73,Computer science | Speech recognition | Artificial intelligence | Linguistics | Philosophy,12.0,,,
https://openalex.org/A5038478629,Karima Benatchba,algeria,École Nationale Supérieure d'Informatique,DZ,13,1127.0,119,Computer science | Artificial intelligence | Machine learning | Algorithm | Mathematics,11.0,,,
https://openalex.org/A5049935664,Mouloud Denaï,algeria,University of Sheffield,GB,28,3256.0,189,Computer science | Engineering | Artificial intelligence | Control (management) | Electrical engineering,11.0,,,
https://openalex.org/A5025252443,Sabir Messalti,algeria,Université des Sciences et de la Technologie d'Oran Mohamed Boudiaf,DZ,16,1624.0,51,Computer science | Engineering | Electrical engineering | Control (management) | Artificial intelligence,11.0,,,
https://openalex.org/A5075599238,Samir Ladaci,algeria,University of Skikda,DZ,19,1463.0,133,Control theory (sociology) | Mathematics | Computer science | Control (management) | Artificial intelligence,11.0,,,
https://openalex.org/A5019331150,Amer Draa,algeria,Constantine 1 University,DZ,17,1179.0,57,Computer science | Artificial intelligence | Algorithm | Machine learning | Mathematics,11.0,,,
https://openalex.org/A5046226112,El Madjid Berkouk,algeria,Polytechnic School of Algiers,DZ,26,2374.0,164,Computer science | Voltage | Electrical engineering | Engineering | Artificial intelligence,11.0,,,
https://openalex.org/A5104013629,Noureddine Settou,algeria,Renewable Energy Development Center,DZ,26,2511.0,84,Environmental science | Physics | Engineering | Economics | Electrical engineering,11.0,,,
https://openalex.org/A5041095526,Mohamed Meddi,algeria,École Nationale Supérieure d'Hydraulique,DZ,28,3192.0,258,Geology | Hydrology (agriculture) | Environmental science | Geography | Geotechnical engineering,11.0,,,
https://openalex.org/A5030823020,Asma Belhadi,algeria,University of Sciences and Technology Houari Boumediene,DZ,26,2218.0,97,Computer science | Artificial intelligence | Data mining | Machine learning | Programming language,11.0,,,
https://openalex.org/A5012570691,Kada Bouchouicha,algeria,Renewable Energy Development Center,DZ,20,1319.0,78,Environmental science | Meteorology | Computer science | Engineering | Physics,11.0,,,
https://openalex.org/A5104187076,Hassina Seridi,algeria,Badji Mokhtar-Annaba University,DZ,10,488.0,41,Computer science | Artificial intelligence | World Wide Web | Data mining | Machine learning,11.0,,,
https://openalex.org/A5085819404,Belkacem Mahdad,algeria,University of Biskra,DZ,20,1556.0,110,Computer science | Power (physics) | Engineering | Physics | Quantum mechanics,11.0,,,
https://openalex.org/A5075522951,Mohamed Sahraoui,algeria,University of Biskra,DZ,19,1210.0,77,Computer science | Voltage | Engineering | Artificial intelligence | Electrical engineering,11.0,,,
https://openalex.org/A5053509459,Abdelkrim Boukabou,algeria,University of Jijel,DZ,19,1205.0,85,Computer science | Control theory (sociology) | Artificial intelligence | Mathematics | Control (management),11.0,,,
https://openalex.org/A5071850143,Djallel Eddine Boubiche,algeria,University of Batna 1,DZ,19,1042.0,54,Computer science | Wireless sensor network | Computer network | Wireless | Telecommunications,11.0,,,
https://openalex.org/A5022152198,Taha Zerrouki,algeria,École Nationale Supérieure d'Informatique,DZ,7,162.0,20,Computer science | Artificial intelligence | Natural language processing | Linguistics | Philosophy,11.0,,,
https://openalex.org/A5039051309,Imed Bouchrika,algeria,Mohamed-Cherif Messaadia University,DZ,17,2168.0,52,Computer science | Gait | Computer vision | Artificial intelligence | Biology,11.0,,,
https://openalex.org/A5082362296,Abdallah Meraoumia,algeria,University of Sciences and Technology Houari Boumediene,DZ,13,723.0,121,Biometrics | Computer science | Artificial intelligence | Pattern recognition (psychology) | Computer vision,11.0,,,
https://openalex.org/A5021328229,Mohamed Touahria,algeria,University Ferhat Abbas of Setif,DZ,8,393.0,25,Computer science | Artificial intelligence | Algorithm | Linguistics | Philosophy,11.0,,,
https://openalex.org/A5043466376,Rachid Boudour,algeria,Badji Mokhtar University,DZ,7,205.0,40,Computer science | Computer security | Artificial intelligence | World Wide Web | Operating system,11.0,,,
https://openalex.org/A5020489079,Salah Hanini,algeria,University Yahia Fares of Medea,DZ,22,1472.0,126,Artificial neural network | Computer science | Chemistry | Physics | Artificial intelligence,11.0,,,
https://openalex.org/A5046314899,Dalila Boughaci,algeria,University of Sciences and Technology Houari Boumediene,DZ,15,898.0,115,Computer science | Mathematical optimization | Artificial intelligence | Mathematics | Algorithm,11.0,,,
https://openalex.org/A5036260493,Karim Bouamrane,algeria,Université Oran 1 Ahmed Ben Bella,DZ,11,431.0,71,Computer science | Operations research | Artificial intelligence | Engineering | Mathematics,11.0,,,
https://openalex.org/A5025494269,Issam Bendib,algeria,Université Larbi Tébessi,DZ,8,215.0,39,Computer science | Artificial intelligence | Machine learning | Deep learning | Medicine,11.0,,,
https://openalex.org/A5011583998,Adel Alti,algeria,University Ferhat Abbas of Setif,DZ,12,624.0,142,Computer science | Artificial intelligence | Computer security | Philosophy | Operating system,11.0,,,
https://openalex.org/A5013971232,Nora Taleb,algeria,Badji Mokhtar-Annaba University,DZ,4,87.0,29,Computer science | Ontology | Artificial intelligence | Philosophy | Epistemology,11.0,,,
https://openalex.org/A5011216397,Sihem Slatnia,algeria,University of Biskra,DZ,10,305.0,40,Computer science | Machine learning | Artificial intelligence | Deep learning | Pattern recognition (psychology),11.0,,,
https://openalex.org/A5029349017,Mohamed Hafidi,algeria,Badji Mokhtar University,DZ,11,420.0,57,Computer science | Mathematics education | Artificial intelligence | Multimedia | Psychology,11.0,,,
https://openalex.org/A5004343056,Nasreddine Lagraa,algeria,University of Laghouat,DZ,23,1924.0,95,Computer science | Computer network | Computer security | Wireless | Telecommunications,11.0,,,
https://openalex.org/A5038339099,Djamil Aı̈ssani,algeria,University of Béjaïa,DZ,21,1799.0,329,Computer science | Mathematics | Computer network | Physics | Statistics,11.0,,,
https://openalex.org/A5063809037,Messaouda Fareh,algeria,University of Blida,DZ,8,141.0,29,Computer science | Information retrieval | Artificial intelligence | Philosophy | Epistemology,11.0,,,
https://openalex.org/A5060927107,Meriem Djezzar,algeria,University of Constantine 3,Unknown,7,109.0,22,Computer science | Artificial intelligence | Semantic Web | Epistemology | Philosophy,11.0,,,
https://openalex.org/A5079458548,Zair Bouzidi,algeria,University of Béjaïa,DZ,7,84.0,14,Computer science | Data science | World Wide Web | Political science | Law,11.0,,,
https://openalex.org/A5112608251,Aaron Courville,algeria,Centre Universitaire de Mila,DZ,77,82960.0,378,Computer science | Artificial intelligence | Machine learning | Artificial neural network | Mathematics,10.0,,,
https://openalex.org/A5086483064,Othmane Friha,algeria,Badji Mokhtar-Annaba University,DZ,13,2643.0,15,Computer science | Cloud computing | Computer security | Artificial intelligence | Operating system,10.0,,,
https://openalex.org/A5034540351,Amir Benzaoui,algeria,University of Bouira,DZ,16,1193.0,37,Artificial intelligence | Computer science | Pattern recognition (psychology) | Computer vision | Image (mathematics),10.0,,,
https://openalex.org/A5103157931,R. Ibtiouen,algeria,Polytechnic School of Algiers,DZ,22,2415.0,145,Physics | Computer science | Engineering | Electrical engineering | Artificial intelligence,10.0,,,
https://openalex.org/A5065534050,Houssem R. E. H. Bouchekara,algeria,University of Constantine 3,DZ,29,3828.0,150,Computer science | Physics | Electrical engineering | Engineering | Mathematics,10.0,,,
https://openalex.org/A5065800564,Mourad Haddadi,algeria,Polytechnic School of Algiers,DZ,25,3462.0,99,Photovoltaic system | Computer science | Physics | Electrical engineering | Engineering,10.0,,,
https://openalex.org/A5035078864,Mohammed Lamine Kherfi,algeria,University of Ouargla,DZ,13,1033.0,56,Computer science | Pattern recognition (psychology) | Artificial intelligence | Image (mathematics) | Mathematics,10.0,,,
https://openalex.org/A5036874351,H. Salhi,algeria,University of Blida,DZ,17,1332.0,47,Computer science | Mathematics | Artificial intelligence | Engineering | Physics,10.0,,,
https://openalex.org/A5018335274,Nabil Neggaz,algeria,Université des Sciences et de la Technologie d'Oran Mohamed Boudiaf,DZ,16,1231.0,25,Algorithm | Computer science | Pattern recognition (psychology) | Artificial intelligence | Philosophy,10.0,,,
https://openalex.org/A5064952645,Saïd Djennoune,algeria,Mouloud Mammeri University of Tizi-Ouzou,DZ,22,1722.0,111,Control theory (sociology) | Computer science | Mathematics | Control (management) | Artificial intelligence,10.0,,,
https://openalex.org/A5059211905,Mohamed Boudour,algeria,University of Sciences and Technology Houari Boumediene,DZ,23,1571.0,166,Computer science | Engineering | Power (physics) | Physics | Quantum mechanics,10.0,,,
https://openalex.org/A5016476518,Nabila Labraoui,algeria,University of Abou Bekr Belkaïd,DZ,18,1031.0,68,Computer science | Wireless sensor network | Computer network | Computer security | Telecommunications,10.0,,,
https://openalex.org/A5071074098,Amine Khaldi,algeria,University of Ouargla,DZ,22,1418.0,57,Computer science | Digital watermarking | Artificial intelligence | Computer vision | Image (mathematics),10.0,,,
https://openalex.org/A5006349780,Salima Ouadfel,algeria,Université Constantine 2,DZ,15,728.0,40,Computer science | Artificial intelligence | Pattern recognition (psychology) | Algorithm | Mathematics,10.0,,,
https://openalex.org/A5058761946,Idir Belaidi,algeria,University of Boumerdes,DZ,14,794.0,50,Structural engineering | Algorithm | Computer science | Mathematics | Engineering,10.0,,,
https://openalex.org/A5110292157,K. Benmahammed,algeria,University Ferhat Abbas of Setif,DZ,14,1042.0,113,Control theory (sociology) | Computer science | Artificial intelligence | Mathematics | Control (management),10.0,,,
https://openalex.org/A5087330894,F. Bereksi‐Reguig,algeria,University of Abou Bekr Belkaïd,DZ,18,1252.0,77,Computer science | Artificial intelligence | Medicine | Pattern recognition (psychology) | Speech recognition,10.0,,,
https://openalex.org/A5058157475,Hamouda Boutaghane,algeria,Badji Mokhtar University,DZ,16,875.0,57,Environmental science | Hydrology (agriculture) | Computer science | Geography | Geology,10.0,,,
https://openalex.org/A5072827769,Youcef Brik,algeria,Université de M'Sila,DZ,10,501.0,47,Computer science | Artificial intelligence | Machine learning | Pattern recognition (psychology) | Medicine,10.0,,,
https://openalex.org/A5085083106,M. Teguar,algeria,Polytechnic School of Algiers,DZ,21,1295.0,103,Voltage | Computer science | Electrical engineering | Engineering | Physics,10.0,,,
https://openalex.org/A5037070255,Djaafar Zouache,algeria,University Mohamed El Bachir El Ibrahimi of Bordj Bou Arreridj,DZ,14,746.0,30,Computer science | Mathematical optimization | Artificial intelligence | Algorithm | Mathematics,10.0,,,
https://openalex.org/A5075305664,Nesma Settouti,algeria,University of Abou Bekr Belkaïd,DZ,11,507.0,77,Computer science | Artificial intelligence | Pattern recognition (psychology) | Machine learning | Data mining,10.0,,,
https://openalex.org/A5077905852,Ahmed Bouraiou,algeria,Ahmed Draia University,DZ,22,2187.0,95,Photovoltaic system | Computer science | Engineering | Electrical engineering | Physics,10.0,,,
https://openalex.org/A5037110257,Mustapha Réda Senouci,algeria,Paris-Est Sup,FR,18,1216.0,125,Computer science | Wireless sensor network | Computer network | Telecommunications | Distributed computing,10.0,,,
https://openalex.org/A5063123858,Abdelhamid Djeffal,algeria,University of Biskra,DZ,7,251.0,28,Computer science | Support vector machine | Artificial intelligence | Machine learning | Mathematics,10.0,,,
https://openalex.org/A5043070131,Riheb Hadji,algeria,University Ferhat Abbas of Setif,DZ,35,3207.0,118,Geology | Environmental science | Geomorphology | Geotechnical engineering | Geography,10.0,,,
https://openalex.org/A5111515175,Malika Boudraa,algeria,University of Sciences and Technology Houari Boumediene,DZ,10,491.0,41,Computer science | Speech recognition | Artificial intelligence | Acoustics | Physics,10.0,,,
https://openalex.org/A5079236622,A. Aboubou,algeria,University of Biskra,DZ,16,871.0,71,Physics | Computer science | Engineering | Electrical engineering | Quantum mechanics,10.0,,,
https://openalex.org/A5057081296,Chirihane Gherbi,algeria,Larbi Ben M'hidi University of Oum El Bouaghi,DZ,10,389.0,38,Computer science | Computer network | Artificial intelligence | Distributed computing | Machine learning,10.0,,,
https://openalex.org/A5023765427,Seydali Ferahtia,algeria,Université de M'Sila,DZ,21,1228.0,41,Computer science | Power (physics) | Engineering | Mathematics | Physics,10.0,,,
https://openalex.org/A5112487583,Noureddine Zeraibi,algeria,University of Boumerdes,DZ,11,537.0,21,Computer science | Machine learning | Algorithm | Artificial intelligence | Mathematics,10.0,,,
https://openalex.org/A5044226348,F. Djeffal,algeria,University of Batna 1,DZ,35,3209.0,252,Materials science | Optoelectronics | Computer science | Nanotechnology | Engineering,10.0,,,
https://openalex.org/A5071351787,Salah Boulaaras,algeria,Qassim University,SA,27,3157.0,378,Mathematics | Physics | Computer science | Mathematical analysis | Applied mathematics,10.0,,,
https://openalex.org/A5039636088,Abdellatif Rahmoun,algeria,Higher National Veterinary School,DZ,11,469.0,67,Computer science | Wireless sensor network | Artificial intelligence | Computer network | Machine learning,10.0,,,
https://openalex.org/A5086841364,Hichem Rahab,algeria,University of Constantine 3,Unknown,5,115.0,19,Computer science | Artificial intelligence | Linguistics | Mathematics | Philosophy,10.0,,,
https://openalex.org/A5007627975,Asma Saighi,algeria,Larbi Ben M'hidi University of Oum El Bouaghi,DZ,7,105.0,33,Adaptation (eye) | Computer science | Artificial intelligence | Human–computer interaction | World Wide Web,10.0,,,
https://openalex.org/A5047029722,Hafida Bouarfa,algeria,University of Blida,DZ,11,319.0,51,Computer science | Computer security | Artificial intelligence | Machine learning | Engineering,10.0,,,
https://openalex.org/A5089769879,Abdelmalek Boudries,algeria,University of Béjaïa,DZ,8,140.0,27,Computer science | Artificial intelligence | World Wide Web | Political science | Law,10.0,,,
https://openalex.org/A5031615413,Fouzia Benchikha,algeria,Constantine 1 University,DZ,4,78.0,31,Computer science | Artificial intelligence | Information retrieval | Epistemology | Philosophy,10.0,,,
https://openalex.org/A5028317399,Rachid Chalal,algeria,École Nationale Supérieure d'Informatique,DZ,8,175.0,51,Computer science | Knowledge management | World Wide Web | Programming language | Engineering,10.0,,,
https://openalex.org/A5101749244,Hamid Azzoune,algeria,University of Algiers Benyoucef Benkhedda,DZ,6,99.0,40,Computer science | Artificial intelligence | Linguistics | Philosophy | Data mining,10.0,,,
https://openalex.org/A5049252422,Attia Nehar,algeria,University of Laghouat,DZ,4,58.0,22,Computer science | Arabic | Natural language processing | Artificial intelligence | Linguistics,10.0,,,
https://openalex.org/A5073882220,Kamel Kara,algeria,University of Blida,DZ,18,1531.0,70,Control theory (sociology) | Computer science | Artificial intelligence | Control (management) | Engineering,9.0,,,
https://openalex.org/A5017113211,Abdelhamid Bounemeur,algeria,University of Constantine 3,Unknown,15,1336.0,24,Control theory (sociology) | Computer science | Control (management) | Artificial intelligence | Physics,9.0,,,
https://openalex.org/A5026439575,Yassine Meraihi,algeria,University of Boumerdes,DZ,18,1695.0,78,Computer science | Artificial intelligence | Algorithm | Mathematical optimization | Mathematics,9.0,,,
https://openalex.org/A5072169633,Kacem Gairaa,algeria,Renewable Energy Development Center,DZ,17,1076.0,32,Computer science | Physics | Meteorology | Artificial intelligence | Mathematics,9.0,,,
https://openalex.org/A5080832103,Doudja Souag-Gamane,algeria,University of Sciences and Technology Houari Boumediene,DZ,13,1281.0,23,Computer science | Mathematics | Statistics | Artificial intelligence | Geography,9.0,,,
https://openalex.org/A5067011495,Ahmed Ahmim,algeria,Mohamed-Cherif Messaadia University,DZ,12,741.0,32,Computer science | Intrusion detection system | Computer security | Artificial intelligence | Machine learning,9.0,,,
https://openalex.org/A5033443105,Abdelaziz Kheloui,algeria,Polytechnic School of Algiers,DZ,19,1591.0,81,Engineering | Computer science | Electrical engineering | Voltage | Physics,9.0,,,
https://openalex.org/A5082065520,Saïd Drid,algeria,University of Batna 1,DZ,19,1655.0,172,Computer science | Engineering | Control (management) | Electrical engineering | Artificial intelligence,9.0,,,
https://openalex.org/A5113874774,Nait Amar Menad,algeria,Sonatrach (Algeria),DZ,9,547.0,10,Computer science | Artificial intelligence | Machine learning | Mathematics | Statistics,9.0,,,
https://openalex.org/A5063215270,Yue Dong,algeria,University of Amsterdam,NL,20,1733.0,105,Automatic summarization | Computer science | Artificial intelligence | Machine learning | Natural language processing,9.0,,,
https://openalex.org/A5023649619,Sofiane Bououden,algeria,University of Constantine 3,Unknown,14,1125.0,66,Control theory (sociology) | Computer science | Artificial intelligence | Engineering | Control (management),9.0,,,
https://openalex.org/A5091433563,Labib Sadek Terrissa,algeria,University of Biskra,DZ,12,624.0,62,Computer science | Artificial intelligence | Machine learning | Engineering | Operating system,9.0,,,
https://openalex.org/A5049287048,Sabrina Abdeddaim,algeria,University of Biskra,DZ,11,705.0,26,Physics | Computer science | Engineering | Electrical engineering | Artificial intelligence,9.0,,,
https://openalex.org/A5078497025,Mohammed Feham,algeria,University of Abou Bekr Belkaïd,DZ,22,1512.0,131,Computer science | Physics | Computer network | Telecommunications | Engineering,9.0,,,
https://openalex.org/A5033556269,Abdelhak Boubetra,algeria,University Mohamed El Bachir El Ibrahimi of Bordj Bou Arreridj,DZ,7,309.0,50,Computer science | World Wide Web | Artificial intelligence | Engineering | Mathematics,9.0,,,
https://openalex.org/A5008618110,Abdelhamid Benakcha,algeria,University of Biskra,DZ,18,831.0,49,Computer science | Artificial intelligence | Engineering | Electrical engineering | Control (management),9.0,,,
https://openalex.org/A5066580028,Abdelouahab Attıa,algeria,University Mohamed El Bachir El Ibrahimi of Bordj Bou Arreridj,DZ,12,471.0,63,Computer science | Artificial intelligence | Pattern recognition (psychology) | Computer vision | Mathematics,9.0,,,
https://openalex.org/A5049717279,Tarek Lemaoui,algeria,University Ferhat Abbas of Setif,DZ,32,2504.0,63,Eutectic system | Chemistry | Materials science | Organic chemistry | Engineering,9.0,,,
https://openalex.org/A5049498271,Ammar Chouchane,algeria,University Yahia Fares of Medea,DZ,14,566.0,56,Computer science | Pattern recognition (psychology) | Artificial intelligence | Mathematics | Sociology,9.0,,,
https://openalex.org/A5022237748,Bilel Zeroualı,algeria,Hassiba Benbouali University of Chlef,DZ,21,994.0,74,Environmental science | Geology | Computer science | Geography | Biology,9.0,,,
https://openalex.org/A5036283689,Ahmed Hafaifa,algeria,Ziane Achour University of Djelfa,DZ,20,1601.0,215,Computer science | Artificial intelligence | Engineering | Physics | Mechanical engineering,9.0,,,
https://openalex.org/A5075562017,Ali Belhocine,algeria,Université des Sciences et de la Technologie d'Oran Mohamed Boudiaf,DZ,30,2590.0,109,Disc brake | Brake | Materials science | Physics | Engineering,9.0,,,
https://openalex.org/A5033244749,Brahami Menaouer,algeria,Université des Sciences et de la Technologie d'Oran Mohamed Boudiaf,DZ,10,403.0,36,Computer science | Knowledge management | Business | Artificial intelligence | Operating system,9.0,,,
https://openalex.org/A5086073765,Salim Chitroub,algeria,University of Sciences and Technology Houari Boumediene,DZ,14,768.0,117,Biometrics | Computer science | Artificial intelligence | Pattern recognition (psychology) | Computer vision,9.0,,,
https://openalex.org/A5012987955,Faiz Maazouzi,algeria,Mohamed-Cherif Messaadia University,DZ,5,180.0,18,Recommender system | Computer science | Artificial intelligence | Machine learning | Data mining,9.0,,,
https://openalex.org/A5088219626,Amar Balla,algeria,École Nationale Supérieure d'Informatique,DZ,10,408.0,76,Computer science | World Wide Web | Artificial intelligence | Philosophy | Mathematics,9.0,,,
https://openalex.org/A5069107071,Samir Bourekkache,algeria,University of Biskra,DZ,9,439.0,68,Computer science | Artificial intelligence | Computer security | Distributed computing | Operating system,9.0,,,
https://openalex.org/A5100837225,Aïcha Mokhtari,algeria,University of Sciences and Technology Houari Boumediene,DZ,11,423.0,73,Computer science | Philosophy | Artificial intelligence | Programming language | Mathematics,9.0,,,
https://openalex.org/A5087453147,M’hamed Mataoui,algeria,Polytechnic School of Algiers,DZ,6,161.0,33,Computer science | Information retrieval | Artificial intelligence | Data mining | Mathematics,9.0,,,
https://openalex.org/A5071470693,Mohamed Seghir Hadj Ameur,algeria,Centre de Recherche sur l'Information Scientifique et Technique,DZ,8,255.0,16,Computer science | Artificial intelligence | Natural language processing | Linguistics | Philosophy,9.0,,,
https://openalex.org/A5003397920,Abdelaziz Lakhfif,algeria,University Ferhat Abbas of Setif,DZ,4,106.0,15,Computer science | Natural language processing | Arabic | Artificial intelligence | Linguistics,9.0,,,
https://openalex.org/A5057188614,Toufik Ziar,algeria,Université Larbi Tébessi,DZ,13,507.0,36,Computer science | Mathematics | Control (management) | Physics | Artificial intelligence,9.0,,,
https://openalex.org/A5034364859,Ahmed Belaadi,algeria,University of Skikda,DZ,32,3225.0,155,Materials science | Composite material | Mathematics | Engineering | Physics,9.0,,,
https://openalex.org/A5036568214,Zakaria Elberrichi,algeria,Université Djilali de Sidi Bel Abbès,DZ,12,591.0,65,Computer science | Artificial intelligence | Machine learning | Pattern recognition (psychology) | Data mining,9.0,,,
https://openalex.org/A5081019870,Bilal Saoud,algeria,University of Bouira,DZ,10,442.0,53,Computer science | Computer network | Artificial intelligence | Machine learning | Telecommunications,9.0,,,
https://openalex.org/A5110387783,Hassina Seridi-Bouchelaghem,algeria,Badji Mokhtar University,DZ,8,261.0,43,Computer science | Programming language | Artificial intelligence | World Wide Web | Mathematics,9.0,,,
https://openalex.org/A5001584330,Hakim Bendjenna,algeria,Université Larbi Tébessi,DZ,9,361.0,90,Biometrics | Computer science | Artificial intelligence | Computer security | Pattern recognition (psychology),9.0,,,
https://openalex.org/A5058996875,Hayet Farida Merouani,algeria,Badji Mokhtar University,DZ,10,363.0,65,Computer science | Pattern recognition (psychology) | Artificial intelligence | Machine learning | Image (mathematics),9.0,,,
https://openalex.org/A5052637111,Djamel Tandjaoui,algeria,Centre de Recherche sur l'Information Scientifique et Technique,DZ,15,1066.0,42,Computer network | Computer science | Computer security | Engineering | Operating system,9.0,,,
https://openalex.org/A5067446889,Amar Djéradi,algeria,University of Sciences and Technology Houari Boumediene,DZ,10,365.0,58,Physics | Computer science | Artificial intelligence | Speech recognition | Mathematics,9.0,,,
https://openalex.org/A5082446440,Rachida Djeradi,algeria,University of Sciences and Technology Houari Boumediene,DZ,4,105.0,17,Computer science | Artificial intelligence | Natural language processing | Linguistics | Philosophy,9.0,,,
https://openalex.org/A5015352291,Salim Belhadi,algeria,University of Guelma,DZ,19,1363.0,87,Materials science | Metallurgy | Mechanical engineering | Engineering | Composite material,9.0,,,
https://openalex.org/A5059934999,Mohammed Said Souıd,algeria,Université IBN Khaldoun Tiaret,DZ,14,528.0,64,Mathematics | Variable (mathematics) | Order (exchange) | Mathematical analysis | Applied mathematics,9.0,,,
https://openalex.org/A5089203688,Mahnane Lamia,algeria,Badji Mokhtar University,DZ,10,406.0,60,Computer science | Mathematics education | Artificial intelligence | Multimedia | Psychology,9.0,,,
https://openalex.org/A5037509084,Abdelmadjid Benmachiche,algeria,Badji Mokhtar University,DZ,10,222.0,40,Computer science | Machine learning | Artificial intelligence | Computer security | Key (lock),9.0,,,
https://openalex.org/A5060801076,Hakima Mellah,algeria,Centre de Recherche sur l'Information Scientifique et Technique,DZ,5,73.0,34,Computer science | Information retrieval | World Wide Web | Artificial intelligence | Operating system,9.0,,,
https://openalex.org/A5090432216,Fahima Nader,algeria,École Nationale Supérieure d'Informatique,DZ,7,463.0,37,Computer science | World Wide Web | Artificial intelligence | Data mining | Information retrieval,9.0,,,
https://openalex.org/A5058997422,Amina Madani,algeria,University of Blida,DZ,5,98.0,21,Computer science | Artificial intelligence | World Wide Web | Psychology | Economics,9.0,,,
https://openalex.org/A5070218325,Farek Lazhar,algeria,Badji Mokhtar University,DZ,4,60.0,18,Computer science | Artificial intelligence | Natural language processing | Linguistics | Philosophy,9.0,,,
https://openalex.org/A5035070527,Rahma Djiroun,algeria,University of Sciences and Technology Houari Boumediene,DZ,4,53.0,17,Online analytical processing | Data warehouse | Computer science | Data science | Data mining,9.0,,,
https://openalex.org/A5002432967,Djalila Boughareb,algeria,Badji Mokhtar University,DZ,4,34.0,16,Computer science | Information retrieval | World Wide Web | Artificial intelligence | Data science,9.0,,,
https://openalex.org/A5003458315,Ahmed Lehireche,algeria,Université Djilali de Sidi Bel Abbès,DZ,6,123.0,45,Computer science | Natural language processing | Artificial intelligence | Philosophy | Mathematics,9.0,,,
https://openalex.org/A5014756095,Hocine Teffahi,algeria,University of Sciences and Technology Houari Boumediene,DZ,5,94.0,33,Physics | Computer science | Speech recognition | Artificial intelligence | Philosophy,9.0,,,
https://openalex.org/A5048785125,Aissa Amrouche,algeria,Centre for Research and Development,ZW,10,201.0,38,Computer science | Speech recognition | Artificial intelligence | Pattern recognition (psychology) | Philosophy,9.0,,,
https://openalex.org/A5074258381,Hocine Belmili,algeria,Renewable Energy Development Center,DZ,12,1308.0,45,Computer science | Engineering | Electrical engineering | Physics | Quantum mechanics,8.0,,,
https://openalex.org/A5053574980,Abdelhafid Zeroual,algeria,University of Skikda,DZ,13,1169.0,29,Artificial intelligence | Computer science | Transport engineering | Engineering | Mathematics,8.0,,,
https://openalex.org/A5066104845,Abdelfetah Hentout,algeria,Centre de Développement des Technologies Avancées,DZ,12,1219.0,51,Robot | Mobile robot | Computer science | Artificial intelligence | Engineering,8.0,,,
https://openalex.org/A5023871114,Saïd Rechak,algeria,Polytechnic School of Algiers,DZ,21,1967.0,74,Materials science | Physics | Mathematics | Structural engineering | Engineering,8.0,,,
https://openalex.org/A5030538802,Asma Benmessaoud Gabis,algeria,École Nationale Supérieure d'Informatique,DZ,15,1359.0,35,Computer science | Artificial intelligence | Algorithm | Mathematical optimization | Mathematics,8.0,,,
https://openalex.org/A5018394787,Ali Cheknane,algeria,University of Laghouat,DZ,22,2247.0,129,Materials science | Physics | Optoelectronics | Engineering | Electrical engineering,8.0,,,
https://openalex.org/A5084368465,Fatima Benbouzid-Si Tayeb,algeria,École Nationale Supérieure d'Informatique,DZ,11,524.0,67,Computer science | Mathematical optimization | Machine learning | Artificial intelligence | Mathematics,8.0,,,
https://openalex.org/A5060692667,Mohamed Ghrici,algeria,Hassiba Benbouali University of Chlef,DZ,27,2406.0,84,Materials science | Compressive strength | Cement | Composite material | Geology,8.0,,,
https://openalex.org/A5080484799,Salah Eddine Bekhouche,algeria,University of Biskra,DZ,13,652.0,70,Computer science | Artificial intelligence | Pattern recognition (psychology) | Computer vision | Face (sociological concept),8.0,,,
https://openalex.org/A5058195317,Fares Kahlessenane,algeria,University of Ouargla,DZ,13,893.0,15,Digital watermarking | Watermark | Computer science | Artificial intelligence | Image (mathematics),8.0,,,
https://openalex.org/A5019939157,Salah Euschi,algeria,University of Ouargla,DZ,14,908.0,15,Computer science | Digital watermarking | Watermark | Artificial intelligence | Image (mathematics),8.0,,,
https://openalex.org/A5028773415,Sabrina Aouaouda,algeria,Mohamed-Cherif Messaadia University,DZ,10,804.0,37,Control theory (sociology) | Physics | Computer science | Control (management) | Artificial intelligence,8.0,,,
https://openalex.org/A5029783735,Mohamed Redouane Kafi,algeria,University of Ouargla,DZ,22,1324.0,70,Computer science | Digital watermarking | Artificial intelligence | Computer vision | Image (mathematics),8.0,,,
https://openalex.org/A5044876884,Samir Zeghlache,algeria,Université de M'Sila,DZ,19,1128.0,86,Control theory (sociology) | Computer science | Artificial intelligence | Engineering | Control (management),8.0,,,
https://openalex.org/A5085425992,Ali Djerioui,algeria,Université de M'Sila,DZ,19,1052.0,69,Control theory (sociology) | Computer science | Control (management) | Engineering | Artificial intelligence,8.0,,,
https://openalex.org/A5113715165,Redha Benzid,algeria,University of Batna 1,DZ,12,657.0,32,Computer science | Artificial intelligence | Algorithm | Mathematics | Image (mathematics),8.0,,,
https://openalex.org/A5086775025,Nacira Ghoualmi‐Zine,algeria,Badji Mokhtar-Annaba University,DZ,11,526.0,84,Computer science | Computer network | Computer security | World Wide Web | Physics,8.0,,,
https://openalex.org/A5044480291,Nasreddine Taleb,algeria,Université Djilali de Sidi Bel Abbès,DZ,16,755.0,77,Computer science | Computer vision | Artificial intelligence | Image (mathematics) | Mathematics,8.0,,,
https://openalex.org/A5048353781,Ammar Neçaïbia,algeria,Ahmed Draia University,DZ,21,1803.0,86,Photovoltaic system | Computer science | Engineering | Electrical engineering | Physics,8.0,,,
https://openalex.org/A5000241588,Toufik Bouden,algeria,University of Jijel,DZ,17,1088.0,71,Computer science | Mathematics | Artificial intelligence | Control (management) | Physics,8.0,,,
https://openalex.org/A5018527587,Soufiane Bentout,algeria,University of Abou Bekr Belkaïd,DZ,19,1072.0,38,Mathematics | Nonlinear system | Applied mathematics | Population | Physics,8.0,,,
https://openalex.org/A5051059267,Hamouma Moumen,algeria,University of Béjaïa,DZ,6,313.0,47,Computer science | Algorithm | Computer network | Distributed computing | Artificial intelligence,8.0,,,
https://openalex.org/A5048114949,Brahim Cherki,algeria,University of Abou Bekr Belkaïd,DZ,15,951.0,96,Control theory (sociology) | Artificial intelligence | Computer science | Control (management) | Physics,8.0,,,
https://openalex.org/A5040811098,Mirco Ravanelli,algeria,Centre Universitaire de Mila,DZ,21,1744.0,123,Computer science | Speech recognition | Artificial neural network | Artificial intelligence | Machine learning,8.0,,,
https://openalex.org/A5087572406,Fouzi Harrou,abroad,King Abdullah University of Science and Technology,SA,51,7901.0,271,Computer science | Artificial intelligence | Machine learning | Mathematics | Engineering,54.0,,,
https://openalex.org/A5035730211,Mohamed Benbouzid,abroad,Université de Bretagne Occidentale,FR,70,22205.0,922,Computer science | Artificial intelligence | Physics | Engineering | Electrical engineering,54.0,,,
https://openalex.org/A5090118631,Ying Sun,abroad,King Abdullah University of Science and Technology,SA,56,11122.0,570,Computer science | Mathematics | Artificial intelligence | Statistics | Physics,53.0,,,
https://openalex.org/A5009358077,Okba Kazar,abroad,University of Sharjah,AE,17,1365.0,284,Computer science | Artificial intelligence | Distributed computing | World Wide Web | Operating system,50.0,,,
https://openalex.org/A5057217204,Mohamed Abd Elaziz,abroad,Zagazig University,EG,87,32173.0,563,Computer science | Algorithm | Artificial intelligence | Machine learning | Mathematics,43.0,,,
https://openalex.org/A5045715820,Habiba Drias,abroad,National Institute of Informatics,JP,23,2041.0,270,Computer science | Artificial intelligence | Data mining | Algorithm | Mathematics,41.0,,,
https://openalex.org/A5029043022,Λέανδρος Μαγλαράς,abroad,Unknown Institution,Unknown,43,10197.0,339,Computer science | Artificial intelligence | Computer network | Computer security | Engineering,39.0,,,
https://openalex.org/A5075190563,Özgür Kişi,abroad,Ilia State University,GE,106,37311.0,679,Computer science | Mathematics | Environmental science | Statistics | Artificial intelligence,32.0,,,
https://openalex.org/A5039474002,Imran Siddiqi,abroad,Unknown Institution,Unknown,32,3545.0,149,Computer science | Pattern recognition (psychology) | Artificial intelligence | Linguistics | Philosophy,31.0,,,
https://openalex.org/A5034196986,Ahmad Taher Azar,abroad,Benha University,EG,68,18300.0,677,Computer science | Control theory (sociology) | Artificial intelligence | Control (management) | Physics,30.0,,,
https://openalex.org/A5035128702,Saad Harous,abroad,United Arab Emirates University,AE,27,3340.0,298,Computer science | Computer network | Artificial intelligence | Distributed computing | Mathematics,29.0,,,
https://openalex.org/A5055199720,Giuseppe Grassi,abroad,University of Salento,IT,38,5190.0,281,Computer science | Mathematics | Artificial intelligence | Physics | Quantum mechanics,29.0,,,
https://openalex.org/A5037331113,Yassine Himeur,abroad,Qatar University,QA,44,6749.0,303,Computer science | Artificial intelligence | Machine learning | Mathematics | Engineering,26.0,,,
https://openalex.org/A5067624332,Mohammed A. A. Al‐qaness,abroad,Wuhan University,CN,50,9703.0,202,Computer science | Artificial intelligence | Algorithm | Machine learning | Mathematics,26.0,,,
https://openalex.org/A5006507514,Ladjel Bellatreche,abroad,École Nationale Supérieure de Mécanique et d'Aérotechnique,FR,24,2925.0,441,Computer science | Data warehouse | Database | Data mining | Information retrieval,24.0,,,
https://openalex.org/A5013750149,Mohammed Chadli,abroad,Université de Picardie Jules Verne,FR,60,11930.0,466,Control theory (sociology) | Mathematics | Computer science | Control (management) | Artificial intelligence,23.0,,,
https://openalex.org/A5026478633,Maâmar Bettayeb,abroad,King Abdulaziz University,SA,44,6506.0,351,Computer science | Mathematics | Artificial intelligence | Engineering | Physics,23.0,,,
https://openalex.org/A5090778317,Kamel Smaı̈li,abroad,Laboratoire Lorrain de Recherche en Informatique et ses Applications,FR,18,1262.0,225,Computer science | Natural language processing | Artificial intelligence | Linguistics | Philosophy,23.0,,,
https://openalex.org/A5088214859,Abdelmalik Taleb‐Ahmed,abroad,Institut d'électronique de microélectronique et de nanotechnologie,FR,24,2706.0,236,Computer science | Artificial intelligence | Pattern recognition (psychology) | Computer vision | Mathematics,20.0,,,
https://openalex.org/A5033169668,Saad Mekhilef,abroad,University of Malaya,MY,111,53916.0,1089,Computer science | Voltage | Electrical engineering | Engineering | Physics,20.0,,,
https://openalex.org/A5081909889,Abdelouahid Derhab,abroad,King Saud University,SA,38,5522.0,157,Computer science | Computer network | Computer security | Artificial intelligence | Operating system,19.0,,,
https://openalex.org/A5045071979,Sherif S. M. Ghoneim,abroad,Taif University,SA,44,6211.0,250,Computer science | Voltage | Electrical engineering | Engineering | Physics,19.0,,,
https://openalex.org/A5059536160,Alessandro Pavan,abroad,University of Trieste,IT,46,9574.0,265,Economics | Computer science | Electrical engineering | Engineering | Physics,18.0,,,
https://openalex.org/A5057697626,Youcef Djenouri,abroad,Norwegian University of Science and Technology,NO,39,4723.0,189,Computer science | Artificial intelligence | Data mining | Machine learning | Mathematics,18.0,,,
https://openalex.org/A5059139666,Mourad Abbas,abroad,Unknown Institution,Unknown,12,516.0,53,Computer science | Natural language processing | Artificial intelligence | Linguistics | Philosophy,18.0,,,
https://openalex.org/A5013928164,Abdenour Hadid,abroad,University of Oulu,FI,54,19606.0,288,Computer science | Artificial intelligence | Pattern recognition (psychology) | Computer vision | Sociology,17.0,,,
https://openalex.org/A5027283721,Samir Khatir,abroad,Ghent University,BE,46,6415.0,219,Materials science | Computer science | Algorithm | Structural engineering | Engineering,17.0,,,
https://openalex.org/A5038668071,Magd Abdel Wahab,abroad,Ho Chi Minh City University of Technology,VN,80,20514.0,796,Materials science | Composite material | Structural engineering | Computer science | Engineering,17.0,,,
https://openalex.org/A5091807952,Abdolhossein Hemmati‐Sarapardeh,abroad,Shahid Bahonar University of Kerman,IR,52,8731.0,283,Materials science | Chemistry | Computer science | Organic chemistry | Engineering,17.0,,,
https://openalex.org/A5015408396,Mohit Bajaj,abroad,Graphic Era University,IN,53,11174.0,535,Computer science | Electrical engineering | Engineering | Physics | Quantum mechanics,17.0,,,
https://openalex.org/A5031007388,Djelloul Bouchiha,abroad,Unknown Institution,Unknown,8,350.0,65,Computer science | Artificial intelligence | World Wide Web | Philosophy | Information retrieval,16.0,,,
https://openalex.org/A5090441509,Abderrahmane Lakas,abroad,United Arab Emirates University,AE,36,4089.0,162,Computer science | Computer network | Wireless | Artificial intelligence | Telecommunications,16.0,,,
https://openalex.org/A5045421775,Abdelhamid Mellouk,abroad,Paris-Est Sup,FR,27,3529.0,326,Computer science | Computer network | Distributed computing | Telecommunications | Artificial intelligence,16.0,,,
https://openalex.org/A5039829612,Tahar Kechadi,abroad,University College Dublin,IE,37,5693.0,494,Computer science | Data mining | Computer security | Artificial intelligence | Operating system,16.0,,,
https://openalex.org/A5080801111,Omar Boussaïd,abroad,Université Claude Bernard Lyon 1,FR,16,732.0,152,Data warehouse | Computer science | Information retrieval | Database | Data mining,16.0,,,
https://openalex.org/A5059823880,Ahmed Elbeltagi,abroad,Mansoura University,EG,52,8788.0,302,Environmental science | Computer science | Geography | Mathematics | Biology,15.0,,,
https://openalex.org/A5072885718,Noureddine Zerhouni,abroad,Centre National de la Recherche Scientifique,FR,51,11301.0,482,Prognostics | Computer science | Artificial intelligence | Reliability engineering | Engineering,15.0,,,
https://openalex.org/A5038787953,Seddik Bacha,abroad,Unknown Institution,Unknown,50,11919.0,678,Computer science | Physics | Electrical engineering | Engineering | Quantum mechanics,15.0,,,
https://openalex.org/A5078874097,Mohamed Becherif,abroad,Université de technologie de belfort-montbéliard,FR,39,5298.0,294,Physics | Computer science | Engineering | Electrical engineering | Quantum mechanics,15.0,,,
https://openalex.org/A5071486132,Sidi‐Mohammed Senouci,abroad,Centre Hospitalier de l'Agglomération de Nevers,FR,43,6149.0,286,Computer science | Computer network | Distributed computing | Telecommunications | Engineering,15.0,,,
https://openalex.org/A5079720434,Ahcène Bounceur,abroad,Université de Bretagne Occidentale,FR,27,4126.0,295,Computer science | Wireless sensor network | Computer network | Mathematics | Engineering,15.0,,,
https://openalex.org/A5048872144,Yassine Drias,abroad,Unknown Institution,Unknown,8,173.0,55,Computer science | Machine learning | Artificial intelligence | Data mining | World Wide Web,15.0,,,
https://openalex.org/A5058467315,Abdessamed Réda Ghomari,abroad,Unknown Institution,Unknown,8,206.0,47,Computer science | Knowledge management | Process management | Business | Philosophy,15.0,,,
https://openalex.org/A5091500375,Seyedali Mirjalili,abroad,Yonsei University,KR,132,141597.0,788,Computer science | Artificial intelligence | Algorithm | Mathematical optimization | Mathematics,14.0,,,
https://openalex.org/A5014705355,Anurag Malik,abroad,Govind Ballabh Pant University of Agriculture and Technology,IN,48,5151.0,157,Biology | Computer science | Environmental science | Mathematics | Statistics,14.0,,,
https://openalex.org/A5055849526,Sid‐Ahmed Selouani,abroad,Université de Moncton,CA,18,1469.0,234,Computer science | Speech recognition | Pattern recognition (psychology) | Artificial intelligence | Philosophy,14.0,,,
https://openalex.org/A5070829177,Nadhir Al‐Ansari,abroad,Unknown Institution,Unknown,75,23142.0,903,Geology | Biology | Environmental science | Geotechnical engineering | Geography,13.0,,,
https://openalex.org/A5021389231,Farid Melgani,abroad,University of Trento,IT,55,11190.0,268,Computer science | Artificial intelligence | Pattern recognition (psychology) | Image (mathematics) | Mathematics,13.0,,,
https://openalex.org/A5078519359,Ahmed A. Ewees,abroad,Damietta University,EG,55,11485.0,176,Computer science | Artificial intelligence | Machine learning | Algorithm | Mathematics,13.0,,,
https://openalex.org/A5020141143,Habib Benbouhenni,abroad,İstanbul Nişantaşı Üniversitesi,TR,32,3376.0,221,Control theory (sociology) | Computer science | Control (management) | Engineering | Artificial intelligence,13.0,,,
https://openalex.org/A5053506086,Shahram Rezapour,abroad,China Medical University Hospital,TW,51,10012.0,364,Physics | Mathematics | Computer science | Mathematical analysis | Applied mathematics,13.0,,,
https://openalex.org/A5009998510,Tarak Benkedjouh,abroad,Unknown Institution,Unknown,13,1318.0,38,Computer science | Artificial intelligence | Machine learning | Engineering | Physics,12.0,,,
https://openalex.org/A5070456393,Azzeddine Bakdi,abroad,University of Oslo,NO,22,1687.0,42,Computer science | Artificial intelligence | Engineering | Physics | Quantum mechanics,12.0,,,
https://openalex.org/A5044752255,Abdeltif Amrane,abroad,Centre National de la Recherche Scientifique,FR,63,15782.0,599,Chemistry | Materials science | Biology | Organic chemistry | Engineering,12.0,,,
https://openalex.org/A5068812101,Mourad Oussalah,abroad,University of Birmingham,GB,32,3782.0,343,Computer science | Artificial intelligence | Mathematics | Programming language | Philosophy,12.0,,,
https://openalex.org/A5051474705,Allel Hadjali,abroad,École Nationale Supérieure de Mécanique et d'Aérotechnique,FR,18,1207.0,227,Computer science | Mathematics | Information retrieval | Data mining | Artificial intelligence,12.0,,,
https://openalex.org/A5017104799,Abdelhalim Hafedh Dahou,abroad,Zhejiang Normal University,CN,5,65.0,20,Computer science | Natural language processing | Artificial intelligence | Programming language | Philosophy,12.0,,,
https://openalex.org/A5042805664,Abbes Amira,abroad,De Montfort University,GB,48,8990.0,476,Computer science | Artificial intelligence | Embedded system | Mathematics | Physics,11.0,,,
https://openalex.org/A5003801496,Najib Essounbouli,abroad,Université de Reims Champagne-Ardenne,FR,23,2282.0,203,Control theory (sociology) | Physics | Computer science | Control (management) | Artificial intelligence,11.0,,,
https://openalex.org/A5081042741,Fadi Dornaika,abroad,University of the Basque Country,ES,36,4919.0,426,Computer science | Artificial intelligence | Computer vision | Pattern recognition (psychology) | Mathematics,11.0,,,
https://openalex.org/A5062054104,Ado Adamou Abba Ari,abroad,University of Maroua,CM,23,1859.0,98,Computer science | Computer network | Operating system | Telecommunications | Engineering,11.0,,,
https://openalex.org/A5030824332,Abdelghani Bouziane,abroad,Unknown Institution,Unknown,4,168.0,24,Computer science | Arabic | Artificial intelligence | Natural language processing | Philosophy,11.0,,,
https://openalex.org/A5036146217,Salim A. Messaoudi,abroad,King Fahd University of Petroleum and Minerals,SA,46,6965.0,261,Mathematics | Mathematical analysis | Physics | Thermodynamics | Quantum mechanics,11.0,,,
https://openalex.org/A5079152917,Farid Meziane,abroad,University of Derby,GB,19,1776.0,179,Computer science | Artificial intelligence | Natural language processing | World Wide Web | Philosophy,11.0,,,
https://openalex.org/A5066242048,Carlos T. Calafate,abroad,Universitat Politècnica de València,ES,49,9980.0,542,Computer science | Computer network | Wireless | Telecommunications | Engineering,11.0,,,
https://openalex.org/A5052384287,Nacer Eddine Zarour,abroad,Unknown Institution,Unknown,8,280.0,73,Computer science | Process (computing) | Programming language | Engineering | Operating system,11.0,,,
https://openalex.org/A5053947754,Paolo Rosso,abroad,Universitat Politècnica de València,ES,59,15424.0,729,Computer science | Natural language processing | Artificial intelligence | Linguistics | Philosophy,11.0,,,
https://openalex.org/A5043935498,Mohammad Zounemat‐Kermani,abroad,Shahid Bahonar University of Kerman,IR,46,7553.0,179,Computer science | Statistics | Machine learning | Artificial intelligence | Mathematics,10.0,,,
https://openalex.org/A5051386391,Sundarapandian Vaıdyanathan,abroad,Vel Tech Rangarajan Dr. Sagunthala R&D Institute of Science and Technology,IN,74,15021.0,618,Computer science | Control theory (sociology) | Artificial intelligence | Control (management) | Physics,10.0,,,
https://openalex.org/A5000640263,Jerry Chun‐Wei Lin,abroad,Western Norway University of Applied Sciences,NO,66,19398.0,813,Computer science | Artificial intelligence | Data mining | Machine learning | Mathematics,10.0,,,
https://openalex.org/A5049119459,Samir Bendoukha,abroad,Taibah University,SA,20,1178.0,98,Mathematics | Computer science | Applied mathematics | Artificial intelligence | Physics,10.0,,,
https://openalex.org/A5106468368,Abdelmalik Taleb‐Ahmed,abroad,Institut d'électronique de microélectronique et de nanotechnologie,FR,19,1162.0,85,Medicine | Computer science | Artificial intelligence | Pattern recognition (psychology) | Mathematics,10.0,,,
https://openalex.org/A5058905109,Inas M. AlNashef,abroad,Khalifa University of Science and Technology,AE,63,14177.0,203,Chemistry | Eutectic system | Catalysis | Organic chemistry | Alloy,10.0,,,
https://openalex.org/A5031823995,İlhami Çolak,abroad,İstanbul Nişantaşı Üniversitesi,TR,37,4729.0,313,Computer science | Electrical engineering | Physics | Engineering | Artificial intelligence,10.0,,,
https://openalex.org/A5108139013,El‐Sayed M. El‐kenawy,abroad,Higher Institute of Engineering,EG,54,8263.0,318,Computer science | Mathematics | Artificial intelligence | Algorithm | Machine learning,10.0,,,
https://openalex.org/A5048670346,Ashkan Jahanbani Ghahfarokhi,abroad,Norwegian University of Science and Technology,NO,16,788.0,61,Computer science | Petroleum engineering | Geology | Mathematics | Engineering,10.0,,,
https://openalex.org/A5044446577,Farouk Zouari,abroad,Tunis University,TN,17,757.0,46,Control theory (sociology) | Computer science | Control (management) | Artificial intelligence | Physics,10.0,,,
https://openalex.org/A5086816810,Hegazy Rezk,abroad,Minia University,EG,67,15361.0,380,Computer science | Mathematics | Engineering | Electrical engineering | Physics,10.0,,,
https://openalex.org/A5002889826,Azeddine Houari,abroad,Institut de Recherche en Energie Electrique de Nantes Atlantique,FR,26,1967.0,153,Physics | Computer science | Engineering | Electrical engineering | Artificial intelligence,10.0,,,
https://openalex.org/A5077231313,Jian Tang,abroad,HEC Montréal,CA,40,9353.0,216,Computer science | Mathematics | Artificial intelligence | Machine learning | Theoretical computer science,10.0,,,
https://openalex.org/A5078232638,Sina Etemad,abroad,Azarbaijan Shahid Madani University,IR,33,4235.0,189,Mathematics | Mathematical analysis | Applied mathematics | Computer science | Physics,10.0,,,
https://openalex.org/A5052372263,Brahim Lejdel,abroad,Unknown Institution,Unknown,6,146.0,43,Computer science | Machine learning | Artificial intelligence | Mathematics | Engineering,10.0,,,
https://openalex.org/A5109920301,Pierre‐Jean Charrel,abroad,Université Toulouse - Jean Jaurès,FR,7,118.0,38,Computer science | Artificial intelligence | Programming language | Epistemology | Philosophy,10.0,,,
https://openalex.org/A5037953109,Zaher Mundher Yaseen‬‬‬‬‬‬‬‬‬‬‬‬‬‬‬‬,abroad,Unknown Institution,Unknown,89,26887.0,627,Computer science | Environmental science | Artificial intelligence | Mathematics | Engineering,9.0,,,
https://openalex.org/A5003414781,Amar Ramdane-Chérif,abroad,Université de Versailles Saint-Quentin-en-Yvelines,FR,23,2801.0,264,Computer science | Artificial intelligence | Human–computer interaction | Engineering | Mathematics,9.0,,,
https://openalex.org/A5090855504,Hamid Reza Karimi,abroad,Politecnico di Milano,IT,107,39589.0,1262,Control theory (sociology) | Computer science | Mathematics | Artificial intelligence | Control (management),9.0,,,
https://openalex.org/A5071730584,Alhassan Mabrouk,abroad,Beni-Suef University,EG,12,577.0,12,Computer science | Artificial intelligence | Data mining | Machine learning | Philosophy,9.0,,,
https://openalex.org/A5043479229,Majdi Mansouri,abroad,Texas A&M University at Qatar,QA,36,4878.0,342,Computer science | Fault detection and isolation | Artificial intelligence | Mathematics | Engineering,9.0,,,
https://openalex.org/A5023383799,Ahmed M. Helmi,abroad,Zagazig University,EG,20,1878.0,54,Computer science | Artificial intelligence | Algorithm | Mathematics | Engineering,9.0,,,
https://openalex.org/A5056705041,Zahid Akhtar,abroad,Institut National de la Recherche Scientifique,CA,30,3493.0,182,Biometrics | Computer science | Artificial intelligence | Pattern recognition (psychology) | Computer security,9.0,,,
https://openalex.org/A5022862584,Qin Zhou,abroad,Wuhan Donghu University,CN,77,20545.0,779,Physics | Computer science | Mathematics | Nonlinear system | Quantum mechanics,9.0,,,
https://openalex.org/A5020005824,Anjan Biswas,abroad,Alabama Agricultural and Mechanical University,US,104,40460.0,1227,Physics | Mathematics | Soliton | Nonlinear system | Quantum mechanics,9.0,,,
https://openalex.org/A5017608892,Somaya Al-Máadeed,abroad,Qatar University,QA,55,11837.0,419,Computer science | Artificial intelligence | Pattern recognition (psychology) | Computer vision | Philosophy,9.0,,,
https://openalex.org/A5108123139,Rana Muhammad Adnan,abroad,Hohai University,CN,36,3483.0,78,Mean squared error | Computer science | Mathematics | Statistics | Artificial intelligence,9.0,,,
https://openalex.org/A5084074039,Mohammed Atiquzzaman,abroad,University of Oklahoma,US,62,14592.0,571,Computer science | Computer network | Wireless | Telecommunications | Operating system,9.0,,,
https://openalex.org/A5057176691,Ali Rıza Yıldız,abroad,Bursa Uludağ Üni̇versi̇tesi̇,TR,78,13003.0,209,Algorithm | Computer science | Mathematical optimization | Engineering | Mathematics,9.0,,,
https://openalex.org/A5071517100,Meysam Alizamir,abroad,University of Tabriz,IR,27,2592.0,72,Artificial neural network | Computer science | Artificial intelligence | Machine learning | Mathematics,9.0,,,
https://openalex.org/A5011112442,Youcef Belkhier,abroad,Institut de Recherche de l’École Navale,FR,23,1667.0,93,Computer science | Electrical engineering | Engineering | Artificial intelligence | Physics,9.0,,,
https://openalex.org/A5038682039,Philippe Fournier‐Viger,abroad,Harbin Institute of Technology,CN,56,12744.0,493,Computer science | Data mining | Artificial intelligence | Algorithm | Mathematics,9.0,,,
https://openalex.org/A5081414719,Wathiq Mansoor,abroad,University of Dubai,AE,28,3019.0,292,Computer science | Artificial intelligence | Machine learning | Engineering | Mathematics,9.0,,,
https://openalex.org/A5018185241,Zaid Odibat,abroad,Al-Balqa Applied University,JO,50,10794.0,146,Mathematics | Physics | Applied mathematics | Mathematical analysis | Quantum mechanics,9.0,,,
https://openalex.org/A5068268080,Mohamed El Amine Ben Seghier,abroad,Ton Duc Thang University,VN,32,2665.0,73,Materials science | Artificial intelligence | Computer science | Engineering | Mathematics,9.0,,,
https://openalex.org/A5080120676,Shaher Momani,abroad,University of Jordan,JO,84,24105.0,543,Mathematics | Physics | Applied mathematics | Computer science | Mathematical analysis,9.0,,,
https://openalex.org/A5084088234,Mahiéddine Djoudi,abroad,Université de Poitiers,FR,8,412.0,102,Computer science | World Wide Web | Multimedia | Human–computer interaction | Philosophy,9.0,,,
https://openalex.org/A5082471864,Al‐Sakib Khan Pathan,abroad,United International University,BD,27,3497.0,409,Computer science | Computer network | Computer security | Telecommunications | World Wide Web,9.0,,,
https://openalex.org/A5013681068,Demba Diallo,abroad,Supélec,FR,35,6207.0,310,Computer science | Physics | Artificial intelligence | Engineering | Electrical engineering,8.0,,,
https://openalex.org/A5078143992,M. Farza,abroad,École Nationale Supérieure d'Ingénieurs de Caen,FR,30,3297.0,165,Control theory (sociology) | Computer science | Physics | Control (management) | Artificial intelligence,8.0,,,
https://openalex.org/A5025959985,Mouldi Bedda,abroad,Al Jouf University,SA,12,638.0,65,Computer science | Speech recognition | Artificial intelligence | Pattern recognition (psychology) | Philosophy,8.0,,,
https://openalex.org/A5004596965,Alban Kuriqi,abroad,University of Lisbon,PT,49,8426.0,212,Environmental science | Geotechnical engineering | Geology | Computer science | Biology,8.0,,,
https://openalex.org/A5088796666,Damien Trentesaux,abroad,Université Polytechnique Hauts-de-France,FR,44,6716.0,360,Computer science | Artificial intelligence | Business | Engineering | Mathematics,8.0,,,
https://openalex.org/A5071383873,Pascal Lorenz,abroad,Université de Haute-Alsace,FR,37,6441.0,547,Computer science | Computer network | Telecommunications | Distributed computing | Wireless,8.0,,,
https://openalex.org/A5083849701,Celso Augusto Guimarães Santos,abroad,Universidade Federal da Paraíba,BR,42,6618.0,315,Environmental science | Geology | Geography | Ecology | Biology,8.0,,,
https://openalex.org/A5064607546,Ahmad S. Darwish,abroad,Khalifa University of Science and Technology,AE,30,2370.0,44,Chemistry | Eutectic system | Materials science | Organic chemistry | Engineering,8.0,,,
https://openalex.org/A5031696569,Farid Nouioua,abroad,Centre National de la Recherche Scientifique,FR,14,737.0,82,Computer science | Mathematics | Artificial intelligence | Philosophy | Physics,8.0,,,
https://openalex.org/A5003417758,Shadi Atalla,abroad,University of Dubai,AE,22,2064.0,168,Computer science | Artificial intelligence | Machine learning | Mathematics | Engineering,8.0,,,
https://openalex.org/A5014958087,Ubaid M. Al‐Saggaf,abroad,Unknown Institution,Unknown,27,2366.0,151,Computer science | Artificial intelligence | Mathematics | Engineering | Physics,8.0,,,
https://openalex.org/A5103641724,Abdellatif Ennaji,abroad,"Laboratoire d'Informatique, du Traitement de l'Information et des Systèmes",FR,10,303.0,24,Computer science | Artificial intelligence | Pattern recognition (psychology) | Philosophy | Linguistics,8.0,,,
https://openalex.org/A5108085596,Abdelmadjid Bouabdallah,abroad,Université de Technologie de Compiègne,FR,26,3751.0,206,Computer science | Computer network | Computer security | Distributed computing | Telecommunications,8.0,,,
https://openalex.org/A5015410834,Mohamed Cheriet,abroad,Université du Québec à Montréal,CA,49,10763.0,710,Computer science | Artificial intelligence | Pattern recognition (psychology) | Computer network | Mathematics,8.0,,,
https://openalex.org/A5112274422,M. Y. Ayad,abroad,Université de technologie de belfort-montbéliard,FR,17,1066.0,73,Computer science | Engineering | Electrical engineering | Physics | Quantum mechanics,8.0,,,
https://openalex.org/A5013799481,Didier Schwab,abroad,Laboratoire d'Informatique de Grenoble,FR,16,969.0,243,Computer science | Natural language processing | Philosophy | Artificial intelligence | Linguistics,8.0,,,
https://openalex.org/A5048280041,Karim Abed‐Meraim,abroad,Télécom Paris,FR,40,8998.0,586,Computer science | Algorithm | Mathematics | Artificial intelligence | Telecommunications,8.0,,,
https://openalex.org/A5002075376,Miloud Bagaa,abroad,Université du Québec à Trois-Rivières,CA,40,5175.0,196,Computer science | Computer network | Distributed computing | Telecommunications | Operating system,8.0,,,
https://openalex.org/A5091763734,Abderrezak Rachedi,abroad,Université Gustave Eiffel,FR,31,4329.0,214,Computer science | Computer network | Wireless | Telecommunications | Engineering,8.0,,,
https://openalex.org/A5088884307,Abdelghani Chibani,abroad,Paris-Est Sup,FR,21,1804.0,212,Computer science | Context (archaeology) | Artificial intelligence | Human–computer interaction | Philosophy,8.0,,,
https://openalex.org/A5110190476,Stuart H. Rubin,abroad,Naval Information Warfare Center Pacific,US,13,1499.0,230,Computer science | Programming language | Artificial intelligence | Mathematics | Engineering,8.0,,,
https://openalex.org/A5045468192,Iqbal M. Batiha,abroad,Ajman University,AE,21,1472.0,189,Mathematics | Computer science | Applied mathematics | Mathematical analysis | Physics,8.0,,,
https://openalex.org/A5064214996,Dominique Beaini,abroad,Polytechnique Montréal,CA,13,1259.0,57,Computer science | Artificial intelligence | Graph | Theoretical computer science | Mathematics,8.0,,,
https://openalex.org/A5010651448,N. Bouarissa,abroad,King Khalid University,SA,50,7576.0,443,Chemistry | Materials science | Physics | Condensed matter physics | Quantum mechanics,8.0,,,
https://openalex.org/A5084412445,Souham Meshoul,abroad,Princess Nourah bint Abdulrahman University,SA,20,1163.0,126,Computer science | Artificial intelligence | Machine learning | Data mining | Mathematics,8.0,,,
https://openalex.org/A5018844842,Mohammed Al-Sarem,abroad,Yemenia University,YE,29,2639.0,108,Computer science | Artificial intelligence | Machine learning | World Wide Web | Philosophy,8.0,,,
https://openalex.org/A5045704925,Samir Ouchani,abroad,Centre d'Etudes Superieures Industrielles,FR,17,1122.0,121,Computer science | Computer security | Programming language | Artificial intelligence | Operating system,8.0,,,
https://openalex.org/A5103870992,Omar Boussaïd,abroad,Université Lumière Lyon 2,FR,8,200.0,26,Computer science | Social media | Data science | World Wide Web | Data mining,8.0,,,
https://openalex.org/A5009984886,Nassim Dennouni,abroad,Laboratoire d'Informatique Fondamentale de Lille,FR,3,35.0,27,Computer science | World Wide Web | Artificial intelligence | Data science | Mathematics,8.0,,,
https://openalex.org/A5033485939,Djelloul Ziadi,abroad,"Laboratoire d'Informatique, du Traitement de l'Information et des Systèmes",FR,14,630.0,87,Computer science | Automaton | Mathematics | Algorithm | Theoretical computer science,8.0,,,
https://openalex.org/A5118874170,Ahmed Noui,abroad,University of Bari Aldo Moro,IT,0,0.0,49,Political science | Business | Law | Public administration | Citation,8.0,,,
https://openalex.org/A5029814958,Binh Thai Pham,abroad,University Of Transport Technology,VN,95,27841.0,330,Computer science | Machine learning | Artificial intelligence | Statistics | Mathematics,7.0,,,
https://openalex.org/A5028386277,Thierry‐Marie Guerra,abroad,Université Polytechnique Hauts-de-France,FR,50,9824.0,353,Control theory (sociology) | Computer science | Control (management) | Physics | Artificial intelligence,7.0,,,
https://openalex.org/A5111385859,M. M’Saad,abroad,Université de Caen Normandie,FR,27,2881.0,202,Control theory (sociology) | Computer science | Engineering | Control (management) | Artificial intelligence,7.0,,,
https://openalex.org/A5044989257,Abdelghani Bekrar,abroad,Université Polytechnique Hauts-de-France,FR,25,2642.0,146,Computer science | Mathematical optimization | Artificial intelligence | Engineering | Mathematics,7.0,,,
https://openalex.org/A5003808971,Zeina Al Masry,abroad,Centre National de la Recherche Scientifique,FR,13,851.0,78,Computer science | Mathematics | Medicine | Artificial intelligence | Engineering,7.0,,,
https://openalex.org/A5023403556,Laith Abualigah,abroad,Amman Arab University,JO,83,39504.0,787,Computer science | Mathematics | Artificial intelligence | Algorithm | Mathematical optimization,7.0,,,
https://openalex.org/A5025512804,Hazem Nounou,abroad,Texas A&M University at Qatar,QA,36,4822.0,311,Mathematics | Computer science | Artificial intelligence | Statistics | Engineering,7.0,,,
https://openalex.org/A5038126464,Abdelhak Mourad Gueroui,abroad,Université Paris-Saclay,FR,21,1718.0,78,Computer science | Computer network | Distributed computing | Wireless | Telecommunications,7.0,,,
https://openalex.org/A5016823513,Mohamed Machmoum,abroad,Laboratoire de Génie des Procédés – Environnement – Agro-alimentaire,FR,28,3189.0,243,Physics | Computer science | Electrical engineering | Engineering | Artificial intelligence,7.0,,,
https://openalex.org/A5067706086,Mohamed Djemaï,abroad,"Laboratoire d'Automatique, de Mécanique et d'Informatique Industrielles et Humaines",FR,32,3859.0,311,Control theory (sociology) | Computer science | Physics | Control (management) | Artificial intelligence,7.0,,,
https://openalex.org/A5033623398,Ahmed Bouridane,abroad,University of Sharjah,AE,43,8541.0,594,Computer science | Artificial intelligence | Pattern recognition (psychology) | Computer vision | Mathematics,7.0,,,
https://openalex.org/A5059307073,A. Derdour,abroad,Northwest African American Museum,US,30,2439.0,196,Chemistry | Materials science | Crystallography | Organic chemistry | Crystal structure,7.0,,,
https://openalex.org/A5072225338,Asier Ibeas,abroad,Universitat Autònoma de Barcelona,ES,32,3155.0,283,Mathematics | Computer science | Control theory (sociology) | Control (management) | Artificial intelligence,7.0,,,
https://openalex.org/A5054980541,Nassim Rizoug,abroad,École Supérieure des Techniques Aéronautiques et de Construction Automobile,FR,20,1481.0,121,Physics | Computer science | Power (physics) | Engineering | Quantum mechanics,7.0,,,
https://openalex.org/A5044453604,Yacine Amirat,abroad,Paris-Est Sup,FR,29,3461.0,255,Computer science | Artificial intelligence | Engineering | Medicine | Physics,7.0,,,
https://openalex.org/A5074534697,Nehal Elshaboury,abroad,Housing and Building National Research Center,EG,20,1390.0,113,Computer science | Machine learning | Artificial intelligence | Engineering | Mathematics,7.0,,,
https://openalex.org/A5035009771,A. Tounzi,abroad,Laboratoire d'Électrotechnique et d'Électronique de Puissance de Lille,FR,19,1344.0,154,Computer science | Physics | Electrical engineering | Engineering | Quantum mechanics,7.0,,,
https://openalex.org/A5025108500,Elhocine Boutellaa,abroad,Unknown Institution,Unknown,16,661.0,58,Computer science | Artificial intelligence | Pattern recognition (psychology) | Face (sociological concept) | Sociology,7.0,,,
https://openalex.org/A5047866496,AbdulMalik S. Al‐Salman,abroad,King Saud University,SA,25,3018.0,125,Computer science | Arabic | Artificial intelligence | Linguistics | Philosophy,7.0,,,
https://openalex.org/A5054713356,Ibraheem Shayea,abroad,Istanbul Technical University,TR,38,4491.0,227,Computer science | Artificial intelligence | Computer network | Wireless | Telecommunications,7.0,,,
https://openalex.org/A5061965262,Lynda Mokdad,abroad,Paris-Est Sup,FR,22,2056.0,242,Computer science | Computer network | Distributed computing | Wireless | Telecommunications,7.0,,,
https://openalex.org/A5011551284,Mostefa Bourchak,abroad,King Abdulaziz University,SA,30,2513.0,94,Materials science | Ultimate tensile strength | Composite material | Composite number | Engineering,7.0,,,
https://openalex.org/A5077093273,Djamal Benslimane,abroad,Université Claude Bernard Lyon 1,FR,23,2801.0,323,Computer science | Web service | World Wide Web | Programming language | Artificial intelligence,7.0,,,
https://openalex.org/A5111943854,Slimane Hammoudi,abroad,École Supérieure d'Électronique de l'Ouest,FR,15,797.0,122,Computer science | Artificial intelligence | Programming language | Software engineering | Engineering,7.0,,,
https://openalex.org/A5100779407,Zhiyi Li,abroad,Graphcore (United Kingdom),GB,23,1671.0,166,Materials science | Chemistry | Engineering | Organic chemistry | Physics,7.0,,,
https://openalex.org/A5052841916,Ali Parviz,abroad,New Jersey Institute of Technology,US,3,44.0,19,Computer science | Machine learning | Artificial intelligence | Geography | Cartography,7.0,,,
https://openalex.org/A5076444645,Jama Hussein Mohamud,abroad,Unknown Institution,Unknown,3,23.0,12,Computer science | Task (project management) | Scale (ratio) | Artificial intelligence | Geography,7.0,,,
https://openalex.org/A5069121941,Abdennour Boulesnane,abroad,Unknown Institution,Unknown,8,91.0,23,Computer science | Natural language processing | Artificial intelligence | Linguistics | Philosophy,7.0,,,
https://openalex.org/A5074730004,Didier Raoult,abroad,Aix-Marseille Université,FR,198,224949.0,4034,Medicine | Biology | Microbiology | Virology | Genetics,7.0,,,
https://openalex.org/A5061281389,Philippe Parola,abroad,Aix-Marseille Université,FR,85,38300.0,901,Medicine | Biology | Virology | Internal medicine | Immunology,7.0,,,
https://openalex.org/A5066189034,Saâdi Boudjit,abroad,Université Sorbonne Paris Nord,FR,15,676.0,88,Computer science | Computer network | Wireless | Distributed computing | Telecommunications,7.0,,,
https://openalex.org/A5073170321,Khaled Mohamed Khedher,abroad,Unknown Institution,Unknown,38,4748.0,188,Mathematics | Environmental science | Computer science | Geology | Biology,6.0,,,
https://openalex.org/A5038855458,Abu Reza Md. Towfiqul Islam,abroad,Begum Rokeya University,BD,73,19897.0,603,Geology | Environmental science | Geography | Biology | Ecology,6.0,,,
https://openalex.org/A5088638819,M. A. Abido,abroad,King Fahd University of Petroleum and Minerals,SA,65,20044.0,578,Computer science | Artificial intelligence | Engineering | Physics | Quantum mechanics,6.0,,,
https://openalex.org/A5086430193,Saïd Mahmoudi,abroad,University of Mons,BE,32,3307.0,374,Computer science | Artificial intelligence | Medicine | Pattern recognition (psychology) | Political science,6.0,,,
https://openalex.org/A5056436780,Essam H. Houssein,abroad,Minia University,EG,68,17362.0,329,Computer science | Artificial intelligence | Mathematical optimization | Algorithm | Mathematics,6.0,,,
https://openalex.org/A5081409903,Sofiane Kichou,abroad,Czech Technical University in Prague,CZ,16,936.0,31,Photovoltaic system | Computer science | Electrical engineering | Engineering | Physics,6.0,,,
https://openalex.org/A5074558033,Juan J. Nieto,abroad,Universidade de Santiago de Compostela,ES,79,24748.0,725,Mathematics | Computer science | Physics | Mathematical analysis | Applied mathematics,6.0,,,
https://openalex.org/A5056444635,Mohamed Nounou,abroad,Texas A&M University at Qatar,QA,36,4695.0,299,Computer science | Mathematics | Artificial intelligence | Statistics | Engineering,6.0,,,
https://openalex.org/A5091727866,Saad Motahhir,abroad,Sidi Mohamed Ben Abdellah University,MA,38,4498.0,182,Computer science | Photovoltaic system | Physics | Electrical engineering | Engineering,6.0,,,
https://openalex.org/A5100620829,Muhammed A. Hassan,abroad,Cairo University,EG,31,2765.0,109,Computer science | Environmental science | Engineering | Electrical engineering | Physics,6.0,,,
